State,County,Tract,Population,Black,Hispanic,Mail-In,CDBG Total,CDBG per person,Black or Hispanic (%)
Alabama,Autauga County,1001020100,1912,217,44,83.5,,0,13.7
Alabama,Autauga County,1001020200,2170,1214,75,81.3,714287.81,329.2,59.4
Alabama,Autauga County,1001020300,3373,647,87,79.5,,0,21.8
Alabama,Autauga County,1001020400,4386,191,85,83.5,,0,6.3
Alabama,Autauga County,1001020500,10766,1418,355,77.3,235000,21.8,16.5
Alabama,Autauga County,1001020600,3668,738,176,82.8,,0,24.9
Alabama,Autauga County,1001020700,2891,434,98,83.2,,0,18.4
Alabama,Autauga County,1001020801,3081,278,57,85.5,,0,10.9
Alabama,Autauga County,1001020802,10435,1380,159,85.4,,0,14.7
Alabama,Autauga County,1001020900,5675,677,96,83,,0,13.6
Alabama,Autauga County,1001021000,2894,601,39,86.7,338000,116.8,22.1
Alabama,Autauga County,1001021100,3320,1800,39,81.2,,0,55.4
Alabama,Baldwin County,1003010100,3804,822,16,73.6,,0,22.0
Alabama,Baldwin County,1003010200,2902,271,46,78,,0,10.9
Alabama,Baldwin County,1003010300,7826,1428,128,81.2,,0,19.9
Alabama,Baldwin County,1003010400,4736,250,71,79.2,,0,6.8
Alabama,Baldwin County,1003010500,4815,662,76,81.8,385000,80.0,15.3
Alabama,Baldwin County,1003010600,3325,1848,92,72.1,,0,58.3
Alabama,Baldwin County,1003010701,7882,221,160,82.2,,0,4.8
Alabama,Baldwin County,1003010703,13166,1070,343,86.1,,0,10.7
Alabama,Baldwin County,1003010704,5055,327,155,75.6,,0,9.5
Alabama,Baldwin County,1003010705,8331,1024,280,77.4,,0,15.7
Alabama,Baldwin County,1003010800,6861,1631,109,81.5,253621.48,37.0,25.4
Alabama,Baldwin County,1003010903,5173,945,159,79,,0,21.3
Alabama,Baldwin County,1003010904,6831,137,187,79,,0,4.7
Alabama,Baldwin County,1003010905,8011,409,718,77.5,,0,14.1
Alabama,Baldwin County,1003010906,4302,188,221,80.9,,0,9.5
Alabama,Baldwin County,1003011000,4305,279,356,78.1,,0,14.8
Alabama,Baldwin County,1003011101,8397,440,326,84.7,,0,9.1
Alabama,Baldwin County,1003011102,3715,156,154,78.9,,0,8.3
Alabama,Baldwin County,1003011201,4230,109,95,79.2,,0,4.8
Alabama,Baldwin County,1003011202,5065,1142,99,81.9,,0,24.5
Alabama,Baldwin County,1003011300,4487,182,110,77,,0,6.5
Alabama,Baldwin County,1003011401,10632,953,775,77.9,,0,16.3
Alabama,Baldwin County,1003011403,9131,191,960,75.1,,0,12.6
Alabama,Baldwin County,1003011501,5316,355,407,83.4,,0,14.3
Alabama,Baldwin County,1003011502,10534,1672,1314,77.8,,0,28.3
Alabama,Baldwin County,1003011601,6062,58,233,82.2,,0,4.8
Alabama,Baldwin County,1003011602,4895,114,98,90.4,,0,4.3
Alabama,Barbour County,1005950100,3321,1595,144,78.7,,0,52.4
Alabama,Barbour County,1005950200,4264,2752,32,67.4,434576,101.9,65.3
Alabama,Barbour County,1005950300,1638,862,67,77.9,,0,56.7
Alabama,Barbour County,1005950400,4303,1716,566,75.7,350000,81.3,53.0
Alabama,Barbour County,1005950500,3467,744,172,68.3,256326,73.9,26.4
Alabama,Barbour County,1005950600,2099,890,46,79.4,187000,89.1,44.6
Alabama,Barbour County,1005950700,1727,921,43,79.6,91825.59,53.2,55.8
Alabama,Barbour County,1005950800,2055,829,57,83.5,,0,43.1
Alabama,Barbour County,1005950900,4583,2511,260,74.6,,0,60.5
Alabama,Bibb County,1007010001,2732,269,76,76.5,,0,12.6
Alabama,Bibb County,1007010002,6025,321,76,73.4,204491.06,33.9,6.6
Alabama,Bibb County,1007010003,5391,814,84,67.8,943427.25,175.0,16.7
Alabama,Bibb County,1007010004,8767,3620,170,67,494608.32,56.4,43.2
Alabama,Blount County,1009050101,7858,238,1325,82.3,,0,19.9
Alabama,Blount County,1009050102,7050,175,941,83.5,398755.45,56.6,15.8
Alabama,Blount County,1009050200,3789,16,673,80.2,,0,18.2
Alabama,Blount County,1009050300,5269,14,479,83.4,,0,9.4
Alabama,Blount County,1009050400,4451,13,218,84,,0,5.2
Alabama,Blount County,1009050500,7329,29,631,81.5,,0,9.0
Alabama,Blount County,1009050601,3922,9,29,84.3,,0,1.0
Alabama,Blount County,1009050602,8923,161,96,84.1,,0,2.9
Alabama,Blount County,1009050700,8731,69,234,83.9,,0,3.5
Alabama,Bullock County,1011952100,1434,1279,12,66.7,,0,90.0
Alabama,Bullock County,1011952200,7102,5076,725,47.6,129512,18.2,81.7
Alabama,Bullock County,1011952500,2378,1282,40,34.3,,0,55.6
Alabama,Butler County,1013952700,2439,1059,17,73.7,,0,44.1
Alabama,Butler County,1013952800,1394,287,25,79.3,,0,22.4
Alabama,Butler County,1013952900,2180,1208,25,61,,0,56.6
Alabama,Butler County,1013953000,1469,556,3,61.3,,0,38.1
Alabama,Butler County,1013953100,3023,2181,35,72.4,,0,73.3
Alabama,Butler County,1013953200,4327,1617,46,70.5,,0,38.4
Alabama,Butler County,1013953300,1774,178,9,61.7,,0,10.5
Alabama,Butler County,1013953400,2931,1636,14,70.9,,0,56.3
Alabama,Butler County,1013953500,1410,325,17,74.8,,0,24.3
Alabama,Calhoun County,1015000200,3104,1705,89,79.1,612672.14,197.4,57.8
Alabama,Calhoun County,1015000300,2951,2367,48,74.9,1634448.06,553.9,81.8
Alabama,Calhoun County,1015000400,2812,1703,57,82.5,233505.2,83.0,62.6
Alabama,Calhoun County,1015000500,1814,1638,18,70.7,1655033.63,912.4,91.3
Alabama,Calhoun County,1015000600,2191,1590,35,63.9,177904.66,81.2,74.2
Alabama,Calhoun County,1015000700,2715,1092,102,78.9,79232.84,29.2,44.0
Alabama,Calhoun County,1015000800,1379,600,67,79.7,4072453.77,2953.2,48.4
Alabama,Calhoun County,1015000900,3362,590,70,80.9,126567.13,37.6,19.6
Alabama,Calhoun County,1015001000,5792,1176,372,78,33466.35,5.8,26.7
Alabama,Calhoun County,1015001100,6565,863,628,81,,0,22.7
Alabama,Calhoun County,1015001201,3482,1007,261,80.8,19903.9,5.7,36.4
Alabama,Calhoun County,1015001202,4318,512,429,82.4,,0,21.8
Alabama,Calhoun County,1015001300,2211,64,41,75.6,,0,4.7
Alabama,Calhoun County,1015001400,3731,724,75,82.1,,0,21.4
Alabama,Calhoun County,1015001500,5198,427,180,84.3,,0,11.7
Alabama,Calhoun County,1015001600,3791,532,171,79,2127,0.6,18.5
Alabama,Calhoun County,1015001700,6329,1381,184,80,,0,24.7
Alabama,Calhoun County,1015001800,6919,849,160,83.1,,0,14.6
Alabama,Calhoun County,1015002000,7335,354,221,85.1,,0,7.8
Alabama,Calhoun County,1015002101,3992,1664,75,56.3,,0,43.6
Alabama,Calhoun County,1015002102,3411,465,71,85.7,,0,15.7
Alabama,Calhoun County,1015002103,6801,1386,192,74.7,,0,23.2
Alabama,Calhoun County,1015002200,3652,126,46,85.2,,0,4.7
Alabama,Calhoun County,1015002300,3843,466,56,82.5,376771.57,98.0,13.6
Alabama,Calhoun County,1015002400,4518,88,71,84.7,,0,3.5
Alabama,Calhoun County,1015002501,7069,568,76,84,,0,9.1
Alabama,Calhoun County,1015002502,4661,77,41,84.2,127500,27.4,2.5
Alabama,Calhoun County,1015002600,4615,160,57,85.4,,0,4.7
Alabama,Chambers County,1017953800,3619,1006,38,81.6,,0,28.8
Alabama,Chambers County,1017953900,2900,1470,17,80.7,,0,51.3
Alabama,Chambers County,1017954000,6669,3776,109,82,141620.61,21.2,58.3
Alabama,Chambers County,1017954200,3257,742,40,81.7,,0,24.0
Alabama,Chambers County,1017954300,4708,1831,43,79.2,,0,39.8
Alabama,Chambers County,1017954400,995,789,18,80.5,,0,81.1
Alabama,Chambers County,1017954500,3804,1702,139,79.9,,0,48.4
Alabama,Chambers County,1017954600,3411,568,74,78.3,,0,18.8
Alabama,Chambers County,1017954700,4852,1322,58,81.7,,0,28.4
Alabama,Cherokee County,1019955701,3332,277,34,71.6,,0,9.3
Alabama,Cherokee County,1019955702,3872,14,19,73.6,,0,0.9
Alabama,Cherokee County,1019955800,5561,122,127,76.2,,0,4.5
Alabama,Cherokee County,1019955900,4235,307,50,84.9,,0,8.4
Alabama,Cherokee County,1019956000,4017,251,33,85.4,755842.11,188.2,7.1
Alabama,Cherokee County,1019956100,4972,235,57,82.3,,0,5.9
Alabama,Chilton County,1021060101,5219,1272,452,78.8,,0,33.0
Alabama,Chilton County,1021060102,6303,615,458,81.3,200000,31.7,17.0
Alabama,Chilton County,1021060200,2807,14,41,81.8,,0,2.0
Alabama,Chilton County,1021060300,3808,25,324,78.7,,0,9.2
Alabama,Chilton County,1021060401,5466,380,467,81.3,,0,15.5
Alabama,Chilton County,1021060402,8776,587,1083,80.4,,0,19.0
Alabama,Chilton County,1021060500,2902,656,45,85.4,,0,24.2
Alabama,Chilton County,1021060600,3261,119,186,84.5,,0,9.4
Alabama,Chilton County,1021060700,5101,503,364,76.2,,0,17.0
Alabama,Choctaw County,1023956700,3184,2548,10,69,,0,80.3
Alabama,Choctaw County,1023956800,4423,1581,32,77.6,823846.65,186.3,36.5
Alabama,Choctaw County,1023956900,3879,646,25,74,8000,2.1,17.3
Alabama,Choctaw County,1023957000,2373,1215,6,67.4,228000,96.1,51.5
Alabama,Clarke County,1025957500,1760,380,17,73.3,,0,22.6
Alabama,Clarke County,1025957601,998,248,6,68.9,,0,25.5
Alabama,Clarke County,1025957602,5515,2366,70,69.3,475000,86.1,44.2
Alabama,Clarke County,1025957700,1329,580,2,68.6,,0,43.8
Alabama,Clarke County,1025957800,5488,2657,63,73.2,,0,49.6
Alabama,Clarke County,1025957901,3493,1100,34,74.1,,0,32.5
Alabama,Clarke County,1025957902,4230,1969,59,82.2,455276.68,107.6,47.9
Alabama,Clarke County,1025958001,1289,622,9,72.3,,0,49.0
Alabama,Clarke County,1025958002,1731,1358,11,60.6,,0,79.1
Alabama,Clay County,1027958900,5324,1051,171,80.5,,0,23.0
Alabama,Clay County,1027959000,3224,602,161,80.6,,0,23.7
Alabama,Clay County,1027959100,2904,26,49,83.9,,0,2.6
Alabama,Clay County,1027959200,2480,369,18,80.1,,0,15.6
Alabama,Cleburne County,1029959500,2684,7,20,73.7,,0,1.0
Alabama,Cleburne County,1029959600,4202,333,80,80.2,174106,41.4,9.8
Alabama,Cleburne County,1029959700,3419,149,155,78.3,,0,8.9
Alabama,Cleburne County,1029959800,4667,5,52,80.5,,0,1.2
Alabama,Coffee County,1031010100,2057,81,17,71.2,,0,4.8
Alabama,Coffee County,1031010200,1841,139,22,69.1,,0,8.7
Alabama,Coffee County,1031010300,4258,337,80,78.6,640268,150.4,9.8
Alabama,Coffee County,1031010400,2152,385,49,80.5,,0,20.2
Alabama,Coffee County,1031010500,4558,1433,42,74.7,1308498.8,287.1,32.4
Alabama,Coffee County,1031010600,1561,19,15,86.2,,0,2.2
Alabama,Coffee County,1031010700,2286,88,42,84.8,,0,5.7
Alabama,Coffee County,1031010800,2840,132,66,85.2,,0,7.0
Alabama,Coffee County,1031010900,2117,631,104,76.6,,0,34.7
Alabama,Coffee County,1031011000,3526,768,607,75.2,,0,39.0
Alabama,Coffee County,1031011100,2026,362,108,74.5,,0,23.2
Alabama,Coffee County,1031011201,8036,531,423,79.8,,0,11.9
Alabama,Coffee County,1031011202,8530,1652,1187,74,,0,33.3
Alabama,Coffee County,1031011300,4160,1699,418,75.1,,0,50.9
Alabama,Colbert County,1033020100,3467,738,107,72.9,,0,24.4
Alabama,Colbert County,1033020200,1957,360,35,75.6,14910,7.6,20.2
Alabama,Colbert County,1033020300,2032,1259,54,73.4,,0,64.6
Alabama,Colbert County,1033020400,1530,55,16,83.4,,0,4.6
Alabama,Colbert County,1033020500,5221,487,72,76.9,2339766.85,448.1,10.7
Alabama,Colbert County,1033020600,4128,1354,47,77,,0,33.9
Alabama,Colbert County,1033020701,6103,732,181,84,,0,15.0
Alabama,Colbert County,1033020703,5175,967,113,75.4,3900,0.8,20.9
Alabama,Colbert County,1033020704,4321,554,107,79.8,,0,15.3
Alabama,Colbert County,1033020801,4487,861,85,82.1,246011.55,54.8,21.1
Alabama,Colbert County,1033020802,3766,592,116,83.7,,0,18.8
Alabama,Colbert County,1033020901,4327,127,55,82.6,,0,4.2
Alabama,Colbert County,1033020902,3972,199,49,84.3,,0,6.2
Alabama,Colbert County,1033021000,3942,417,56,83.3,,0,12.0
Alabama,Conecuh County,1035960200,1808,898,22,78.2,,0,50.9
Alabama,Conecuh County,1035960300,1731,423,2,60.7,,0,24.6
Alabama,Conecuh County,1035960400,3251,1485,28,69.5,,0,46.5
Alabama,Conecuh County,1035960500,1771,765,51,75,,0,46.1
Alabama,Conecuh County,1035960600,4667,2551,58,70.7,,0,55.9
Alabama,Coosa County,1037961000,3956,2263,95,65.3,,0,59.6
Alabama,Coosa County,1037961100,3927,221,24,68.2,,0,6.2
Alabama,Coosa County,1037961200,3656,1072,111,68.2,,0,32.4
Alabama,Covington County,1039961600,4133,140,24,77,,0,4.0
Alabama,Covington County,1039961700,4032,401,41,70.8,215000,53.3,11.0
Alabama,Covington County,1039961800,3129,725,53,83.4,,0,24.9
Alabama,Covington County,1039961900,2127,302,30,82.3,,0,15.6
Alabama,Covington County,1039962000,3917,920,71,76.8,,0,25.3
Alabama,Covington County,1039962100,2011,493,48,74.6,,0,26.9
Alabama,Covington County,1039962300,3279,15,35,78,,0,1.5
Alabama,Covington County,1039962400,3144,97,27,85.3,,0,3.9
Alabama,Covington County,1039962500,1524,69,9,86.4,,0,5.1
Alabama,Covington County,1039962600,1517,256,26,80.6,89292,58.9,18.6
Alabama,Covington County,1039962700,1686,745,8,79,,0,44.7
Alabama,Covington County,1039962800,1736,10,28,83.7,,0,2.2
Alabama,Covington County,1039962900,1846,43,19,73.6,,0,3.4
Alabama,Covington County,1039963000,3684,469,64,68.9,161073.3,43.7,14.5
Alabama,Crenshaw County,1041963400,1925,729,17,82.5,207069.74,107.6,38.8
Alabama,Crenshaw County,1041963500,1903,274,17,85.8,,0,15.3
Alabama,Crenshaw County,1041963600,3180,723,31,70.4,,0,23.7
Alabama,Crenshaw County,1041963700,3809,855,86,80,,0,24.7
Alabama,Crenshaw County,1041963800,1681,438,35,72.7,,0,28.1
Alabama,Crenshaw County,1041963900,1408,222,18,78.9,,0,17.0
Alabama,Cullman County,1043964100,5582,24,182,84.9,,0,3.7
Alabama,Cullman County,1043964200,7373,24,391,78.6,226000,30.7,5.6
Alabama,Cullman County,1043964300,5001,16,142,84.6,,0,3.2
Alabama,Cullman County,1043964400,4112,2,97,77.1,,0,2.4
Alabama,Cullman County,1043964500,4180,2,67,84.3,,0,1.7
Alabama,Cullman County,1043964600,4007,6,137,78.1,,0,3.6
Alabama,Cullman County,1043964700,4643,11,263,79.2,,0,5.9
Alabama,Cullman County,1043964800,4289,20,478,74.5,,0,11.6
Alabama,Cullman County,1043964900,6683,34,412,81.7,342516.35,51.3,6.7
Alabama,Cullman County,1043965000,6071,72,573,76.6,448313.52,73.8,10.6
Alabama,Cullman County,1043965100,3578,3,207,79.5,,0,5.9
Alabama,Cullman County,1043965200,2309,16,67,78.1,,0,3.6
Alabama,Cullman County,1043965300,4539,10,106,84.8,,0,2.6
Alabama,Cullman County,1043965401,3310,152,104,79.7,,0,7.7
Alabama,Cullman County,1043965402,4189,63,117,83.4,360000,85.9,4.3
Alabama,Cullman County,1043965500,5631,358,68,86,250000,44.4,7.6
Alabama,Cullman County,1043965600,2257,1,20,87.8,,0,0.9
Alabama,Cullman County,1043965700,2652,7,23,85.9,,0,1.1
Alabama,Dale County,1045020000,4642,523,614,80.8,,0,24.5
Alabama,Dale County,1045020100,3823,332,89,68.4,,0,11.0
Alabama,Dale County,1045020200,2067,48,23,68.3,,0,3.4
Alabama,Dale County,1045020300,2396,338,34,66.6,,0,15.5
Alabama,Dale County,1045020400,2542,220,53,81.3,,0,10.7
Alabama,Dale County,1045020500,2049,451,52,76.8,342494,167.2,24.5
Alabama,Dale County,1045020700,3518,2040,123,72.8,,0,61.5
Alabama,Dale County,1045020801,3361,996,110,82.1,,0,32.9
Alabama,Dale County,1045020802,4351,962,170,80.5,,0,26.0
Alabama,Dale County,1045021101,4893,739,710,67.7,,0,29.6
Alabama,Dale County,1045021102,4387,937,447,64,,0,31.5
Alabama,Dale County,1045021200,2696,376,162,70,,0,20.0
Alabama,Dale County,1045021300,4034,378,62,68.4,,0,10.9
Alabama,Dale County,1045021400,5492,1206,172,57.5,,0,25.1
Alabama,Dallas County,1047956100,6753,2945,44,81.1,,0,44.3
Alabama,Dallas County,1047956201,2550,1086,19,78.5,,0,43.3
Alabama,Dallas County,1047956202,2327,545,11,83.4,,0,23.9
Alabama,Dallas County,1047956300,3791,3278,16,68.5,,0,86.9
Alabama,Dallas County,1047956400,3150,2992,30,71.5,,0,95.9
Alabama,Dallas County,1047956500,3811,3712,14,70.9,245000,64.3,97.8
Alabama,Dallas County,1047956600,3811,3210,35,72.9,,0,85.1
Alabama,Dallas County,1047956701,1855,620,9,84.6,,0,33.9
Alabama,Dallas County,1047956702,1602,771,12,76.3,,0,48.9
Alabama,Dallas County,1047956800,2789,1883,9,70.5,,0,67.8
Alabama,Dallas County,1047956900,2804,2281,13,75.2,,0,81.8
Alabama,Dallas County,1047957000,1274,884,18,70.2,,0,70.8
Alabama,Dallas County,1047957100,1345,855,17,70.7,,0,64.8
Alabama,Dallas County,1047957200,1754,1715,11,73.7,,0,98.4
Alabama,Dallas County,1047957300,4204,3537,51,64.5,60450,14.4,85.3
Alabama,DeKalb County,1049960100,5937,9,81,75.9,,0,1.5
Alabama,DeKalb County,1049960200,3530,3,55,79.3,,0,1.6
Alabama,DeKalb County,1049960300,6908,46,447,75.4,,0,7.1
Alabama,DeKalb County,1049960400,6483,9,340,84.2,,0,5.4
Alabama,DeKalb County,1049960500,5373,11,86,77.9,,0,1.8
Alabama,DeKalb County,1049960600,6393,12,685,81.2,,0,10.9
Alabama,DeKalb County,1049960700,8628,26,2896,73.7,,0,33.9
Alabama,DeKalb County,1049960800,4498,216,1279,78.7,,0,33.2
Alabama,DeKalb County,1049960900,3809,295,454,77.1,,0,19.7
Alabama,DeKalb County,1049961000,3914,43,311,82.5,,0,9.0
Alabama,DeKalb County,1049961100,3258,107,537,78,1810635.1,555.8,19.8
Alabama,DeKalb County,1049961200,2107,10,107,83.6,,0,5.6
Alabama,DeKalb County,1049961300,5967,220,1910,75.8,,0,35.7
Alabama,DeKalb County,1049961400,4304,22,502,72.1,,0,12.2
Alabama,Elmore County,1051030100,10104,2347,278,85.2,,0,26.0
Alabama,Elmore County,1051030200,4757,474,36,87.6,,0,10.7
Alabama,Elmore County,1051030300,2464,123,9,89.9,,0,5.4
Alabama,Elmore County,1051030400,7712,1725,198,83.8,,0,24.9
Alabama,Elmore County,1051030500,4695,492,33,86.2,460000,98.0,11.2
Alabama,Elmore County,1051030600,7405,1809,257,83.9,,0,27.9
Alabama,Elmore County,1051030701,6257,739,128,85.1,,0,13.9
Alabama,Elmore County,1051030702,3678,318,57,85.1,,0,10.2
Alabama,Elmore County,1051030800,5784,1877,115,80,750158.48,129.7,34.4
Alabama,Elmore County,1051030901,6234,1173,134,87.4,,0,21.0
Alabama,Elmore County,1051030902,3699,746,120,84.1,,0,23.4
Alabama,Elmore County,1051031000,6516,1392,447,79.8,,0,28.2
Alabama,Elmore County,1051031100,4221,568,83,85.8,,0,15.4
Alabama,Elmore County,1051031200,1809,854,66,80.6,232365,128.4,50.9
Alabama,Elmore County,1051031300,3968,1177,168,80.4,,0,33.9
Alabama,Escambia County,1053969800,5955,1266,110,77,,0,23.1
Alabama,Escambia County,1053969900,4361,592,114,83.4,,0,16.2
Alabama,Escambia County,1053970100,4516,1023,76,77.7,,0,24.3
Alabama,Escambia County,1053970200,1739,1238,14,74.6,,0,72.0
Alabama,Escambia County,1053970300,3632,417,47,80.5,,0,12.8
Alabama,Escambia County,1053970400,5744,2213,110,77.3,,0,40.4
Alabama,Escambia County,1053970500,4819,1580,153,77.7,,0,36.0
Alabama,Escambia County,1053970600,4035,3008,38,69.7,,0,75.5
Alabama,Escambia County,1053970700,3518,825,56,73.5,,0,25.0
Alabama,Etowah County,1055000200,3660,1591,81,78.2,67017.06,18.3,45.7
Alabama,Etowah County,1055000300,2684,2265,78,76.5,303039.36,112.9,87.3
Alabama,Etowah County,1055000400,3866,117,26,84.3,56475,14.6,3.7
Alabama,Etowah County,1055000500,1814,140,88,79.8,147011.49,81.0,12.6
Alabama,Etowah County,1055000600,1964,170,138,83.4,149362.22,76.1,15.7
Alabama,Etowah County,1055000700,1376,425,70,72.2,425568.35,309.3,36.0
Alabama,Etowah County,1055000800,1089,620,150,71.1,513891.67,471.9,70.7
Alabama,Etowah County,1055000900,2698,392,138,80.4,2051194.38,760.3,19.6
Alabama,Etowah County,1055001000,1286,756,142,76.1,432495.1,336.3,69.8
Alabama,Etowah County,1055001100,4729,191,62,82.9,,0,5.3
Alabama,Etowah County,1055001200,3546,830,200,82.5,4899185.33,1381.6,29.0
Alabama,Etowah County,1055001300,2571,1267,210,72.9,578531.72,225.0,57.4
Alabama,Etowah County,1055001600,3524,2245,119,80.5,508159.06,144.2,67.1
Alabama,Etowah County,1055001700,1638,751,44,78.7,163047.82,99.5,48.5
Alabama,Etowah County,1055010100,2059,355,156,80.5,438411.6,212.9,24.8
Alabama,Etowah County,1055010200,5518,517,239,81.8,,0,13.7
Alabama,Etowah County,1055010300,2918,112,73,85.2,35500,12.2,6.3
Alabama,Etowah County,1055010401,3471,367,151,74.8,454400,130.9,14.9
Alabama,Etowah County,1055010402,5504,255,73,86.9,14520,2.6,6.0
Alabama,Etowah County,1055010501,8191,111,108,81.6,,0,2.7
Alabama,Etowah County,1055010502,4988,64,45,79.2,,0,2.2
Alabama,Etowah County,1055010601,5295,22,26,83.3,,0,0.9
Alabama,Etowah County,1055010602,3984,11,40,75.5,,0,1.3
Alabama,Etowah County,1055010700,3769,379,31,84.9,4910,1.3,10.9
Alabama,Etowah County,1055010800,2953,39,38,87.8,,0,2.6
Alabama,Etowah County,1055010900,1721,17,35,83.7,,0,3.0
Alabama,Etowah County,1055011001,4613,22,64,80.4,,0,1.9
Alabama,Etowah County,1055011002,4765,40,218,78.2,,0,5.4
Alabama,Etowah County,1055011100,5302,24,136,81.9,451957.8,85.2,3.0
Alabama,Etowah County,1055011200,2934,1621,468,70.3,574409.86,195.8,71.2
Alabama,Fayette County,1057020000,1469,25,1,80.9,,0,1.8
Alabama,Fayette County,1057020100,3669,116,48,82.1,,0,4.5
Alabama,Fayette County,1057020200,4499,891,70,86.7,1564565.15,347.8,21.4
Alabama,Fayette County,1057020300,4054,815,53,84,1773800,437.5,21.4
Alabama,Fayette County,1057020400,3550,111,32,87,1477739,416.3,4.0
Alabama,Franklin County,1059972900,4008,192,543,81.7,,0,18.3
Alabama,Franklin County,1059973000,5373,302,1722,76.4,235329,43.8,37.7
Alabama,Franklin County,1059973100,2378,7,99,86,328669.56,138.2,4.5
Alabama,Franklin County,1059973200,3919,532,799,79.4,,0,34.0
Alabama,Franklin County,1059973300,3452,114,1078,72.2,,0,34.5
Alabama,Franklin County,1059973400,2652,35,132,78,,0,6.3
Alabama,Franklin County,1059973500,2231,15,54,83.9,141542.94,63.4,3.1
Alabama,Franklin County,1059973600,1795,7,30,86.9,10934.4,6.1,2.1
Alabama,Franklin County,1059973700,5896,7,253,76.2,,0,4.4
Alabama,Geneva County,1061050100,5098,466,231,76.5,856965.53,168.1,13.7
Alabama,Geneva County,1061050200,2323,212,36,83.4,,0,10.7
Alabama,Geneva County,1061050300,5412,661,107,80.8,,0,14.2
Alabama,Geneva County,1061050400,5907,565,146,82.9,648639,109.8,12.0
Alabama,Geneva County,1061050500,4288,497,266,79,,0,17.8
Alabama,Geneva County,1061050600,3762,122,134,79,,0,6.8
Alabama,Greene County,1063060000,1814,1485,13,60.9,,0,82.6
Alabama,Greene County,1063060100,4410,3534,45,64.6,320000,72.6,81.2
Alabama,Greene County,1063060200,2821,2330,11,53.2,,0,83.0
Alabama,Hale County,1065040000,3534,1086,56,79.2,,0,32.3
Alabama,Hale County,1065040100,1582,734,9,76.2,,0,47.0
Alabama,Hale County,1065040200,1590,693,10,75.6,,0,44.2
Alabama,Hale County,1065040300,2093,1788,6,44.5,,0,85.7
Alabama,Hale County,1065040400,5399,3977,38,74.2,336499.06,62.3,74.4
Alabama,Hale County,1065040500,1562,987,21,67.6,,0,64.5
Alabama,Henry County,1067030100,1910,956,59,69.5,,0,53.1
Alabama,Henry County,1067030200,2962,1324,82,79.6,94500,31.9,47.5
Alabama,Henry County,1067030300,3093,623,46,67,,0,21.6
Alabama,Henry County,1067030400,1842,532,68,77.7,,0,32.6
Alabama,Henry County,1067030500,5951,1272,85,81.8,407162.19,68.4,22.8
Alabama,Henry County,1067030600,1544,208,49,69.4,,0,16.6
Alabama,Houston County,1069040100,4949,317,222,68.1,16865,3.4,10.9
Alabama,Houston County,1069040201,9001,639,225,84.7,,0,9.6
Alabama,Houston County,1069040202,8142,697,170,81.3,23312.5,2.9,10.6
Alabama,Houston County,1069040301,3928,1321,205,71.6,,0,38.8
Alabama,Houston County,1069040302,3589,1552,182,71.9,9215,2.6,48.3
Alabama,Houston County,1069040400,2484,294,47,79.2,80205,32.3,13.7
Alabama,Houston County,1069040500,3458,530,85,75.9,8082.5,2.3,17.8
Alabama,Houston County,1069040600,2471,2017,64,66.3,962384.02,389.5,84.2
Alabama,Houston County,1069040700,2662,959,89,77.7,26430,9.9,39.4
Alabama,Houston County,1069040800,7774,957,563,80,90198.79,11.6,19.6
Alabama,Houston County,1069040900,4657,1183,161,80.8,13143.92,2.8,28.9
Alabama,Houston County,1069041000,5145,3240,116,75.3,355254.52,69.0,65.2
Alabama,Houston County,1069041100,3849,1087,136,77.1,23380.5,6.1,31.8
Alabama,Houston County,1069041200,2539,1296,68,70.1,1570308.82,618.5,53.7
Alabama,Houston County,1069041400,3093,2333,53,73.7,1209243.25,391.0,77.1
Alabama,Houston County,1069041500,4173,3182,34,76.1,557770.66,133.7,77.1
Alabama,Houston County,1069041600,5377,1608,206,78,208390.82,38.8,33.7
Alabama,Houston County,1069041700,1402,254,18,79.1,232000,165.5,19.4
Alabama,Houston County,1069041800,2305,655,38,76.9,234382,101.7,30.1
Alabama,Houston County,1069041900,7572,948,81,82.3,,0,13.6
Alabama,Houston County,1069042000,5683,519,80,80.4,,0,10.5
Alabama,Houston County,1069042100,7294,450,152,82.7,214873.69,29.5,8.3
Alabama,Jackson County,1071950100,6749,12,74,76.7,,0,1.3
Alabama,Jackson County,1071950200,3516,224,72,77.7,,0,8.4
Alabama,Jackson County,1071950300,5897,500,282,80.6,104367.73,17.7,13.3
Alabama,Jackson County,1071950400,2119,14,33,84.6,,0,2.2
Alabama,Jackson County,1071950500,3518,22,50,87.5,,0,2.0
Alabama,Jackson County,1071950600,5951,584,139,83.9,,0,12.1
Alabama,Jackson County,1071950700,4272,79,180,80.5,,0,6.1
Alabama,Jackson County,1071950800,4059,156,171,82.8,1214818,299.3,8.1
Alabama,Jackson County,1071950900,5613,123,123,83.9,,0,4.4
Alabama,Jackson County,1071951000,4438,14,56,82.7,,0,1.6
Alabama,Jackson County,1071951100,7095,43,159,85.2,,0,2.8
Alabama,Jefferson County,1073000100,3042,2380,82,73,1740485.33,572.2,80.9
Alabama,Jefferson County,1073000300,2735,1705,623,66.9,3630566,1327.4,85.1
Alabama,Jefferson County,1073000400,3338,2908,162,76.2,1183756.66,354.6,92.0
Alabama,Jefferson County,1073000500,2864,2674,89,75.4,6703585.84,2340.6,96.5
Alabama,Jefferson County,1073000700,2577,2532,12,74.8,1418319.39,550.4,98.7
Alabama,Jefferson County,1073000800,3859,3709,74,76.8,3021357.93,782.9,98.0
Alabama,Jefferson County,1073001100,5355,5096,40,79.8,1907394.2,356.2,95.9
Alabama,Jefferson County,1073001200,2876,2521,279,75.1,3097053.95,1076.9,97.4
Alabama,Jefferson County,1073001400,2181,1931,212,78.2,863838.13,396.1,98.3
Alabama,Jefferson County,1073001500,3189,2911,98,71,2576990.37,808.1,94.4
Alabama,Jefferson County,1073001600,3390,2952,70,77,1669866.03,492.6,89.1
Alabama,Jefferson County,1073001902,1894,1656,73,74.3,496659.27,262.2,91.3
Alabama,Jefferson County,1073002000,3885,3101,90,76.7,579789.31,149.2,82.1
Alabama,Jefferson County,1073002100,3186,2538,35,78,735679.55,230.9,80.8
Alabama,Jefferson County,1073002200,2630,2388,50,75.9,748602.4,284.6,92.7
Alabama,Jefferson County,1073002303,2936,2723,32,75.7,746447.91,254.2,93.8
Alabama,Jefferson County,1073002305,2952,1017,30,84.2,282827.42,95.8,35.5
Alabama,Jefferson County,1073002306,3259,624,54,85.9,4045965.67,1241.5,20.8
Alabama,Jefferson County,1073002400,3629,2509,143,74,2026158.22,558.3,73.1
Alabama,Jefferson County,1073002700,3992,2634,71,75,58152777.17,14567.3,67.8
Alabama,Jefferson County,1073002900,2064,1996,42,73.4,480955.92,233.0,98.7
Alabama,Jefferson County,1073003001,3779,2402,136,77.5,865350.85,229.0,67.2
Alabama,Jefferson County,1073003002,2203,2132,30,76.8,3918961.61,1778.9,98.1
Alabama,Jefferson County,1073003100,3637,3376,101,75,1149063.65,315.9,95.6
Alabama,Jefferson County,1073003200,931,904,5,73.1,353565.93,379.8,97.6
Alabama,Jefferson County,1073003300,947,921,3,80.1,455662.38,481.2,97.6
Alabama,Jefferson County,1073003400,2477,2273,56,75.2,2197885.09,887.3,94.0
Alabama,Jefferson County,1073003500,2795,2442,24,77.8,648319.46,232.0,88.2
Alabama,Jefferson County,1073003600,4683,4429,37,80.8,1058214.69,226.0,95.4
Alabama,Jefferson County,1073003700,5063,4719,138,73.7,1209828.86,239.0,95.9
Alabama,Jefferson County,1073003802,5409,4996,103,81.1,1699275.14,314.2,94.3
Alabama,Jefferson County,1073003803,4199,4030,58,79.1,1716940.34,408.9,97.4
Alabama,Jefferson County,1073003900,1783,1570,175,64.9,761804.78,427.3,97.9
Alabama,Jefferson County,1073004000,3772,3593,11,72.5,2416638.18,640.7,95.5
Alabama,Jefferson County,1073004200,2341,2181,61,73.2,2052585.74,876.8,95.8
Alabama,Jefferson County,1073004500,5003,2035,196,63.7,1761594.02,352.1,44.6
Alabama,Jefferson County,1073004701,3480,471,134,77.7,277855.6,79.8,17.4
Alabama,Jefferson County,1073004702,2944,177,44,77.7,110948.47,37.7,7.5
Alabama,Jefferson County,1073004800,1861,95,40,79.9,6225,3.3,7.3
Alabama,Jefferson County,1073004901,1167,162,38,75.7,38282.16,32.8,17.1
Alabama,Jefferson County,1073004902,3146,803,250,67.7,585715.11,186.2,33.5
Alabama,Jefferson County,1073005000,3482,676,806,68.4,2994778,860.1,42.6
Alabama,Jefferson County,1073005101,1507,1465,25,68.9,360319.83,239.1,98.9
Alabama,Jefferson County,1073005103,2587,2523,18,84.4,1026157.28,396.7,98.2
Alabama,Jefferson County,1073005104,3648,2410,739,52.5,8616.96,2.4,86.3
Alabama,Jefferson County,1073005200,3740,3691,12,80.5,1770088.37,473.3,99.0
Alabama,Jefferson County,1073005302,3463,1779,40,81.8,277700.01,80.2,52.5
Alabama,Jefferson County,1073005500,2167,1683,53,74,669740.76,309.1,80.1
Alabama,Jefferson County,1073005600,4578,699,141,81,57528.52,12.6,18.3
Alabama,Jefferson County,1073005701,2372,2280,22,74.8,1174432.07,495.1,97.0
Alabama,Jefferson County,1073005702,3413,3306,10,81.3,1519289.16,445.1,97.2
Alabama,Jefferson County,1073005800,4216,2327,825,58.2,9418,2.2,74.8
Alabama,Jefferson County,1073005903,4950,3136,193,80.8,504471.52,101.9,67.3
Alabama,Jefferson County,1073005905,5174,3520,193,75.5,857002.98,165.6,71.8
Alabama,Jefferson County,1073005907,2096,1460,14,82.5,76540.93,36.5,70.3
Alabama,Jefferson County,1073005908,4101,2811,354,69.5,448813.89,109.4,77.2
Alabama,Jefferson County,1073005909,2539,2172,28,80.8,218641.02,86.1,86.6
Alabama,Jefferson County,1073005910,5234,4560,50,79.9,183689.89,35.1,88.1
Alabama,Jefferson County,1073010001,5289,1711,143,78.1,202123.4,38.2,35.1
Alabama,Jefferson County,1073010002,4932,1117,125,78,147312.36,29.9,25.2
Alabama,Jefferson County,1073010100,2007,1908,54,73.1,318749.35,158.8,97.8
Alabama,Jefferson County,1073010200,2743,1728,177,73.6,8544660.33,3115.1,69.4
Alabama,Jefferson County,1073010301,2685,1964,104,75.7,377172.59,140.5,77.0
Alabama,Jefferson County,1073010302,4117,3927,70,74.9,886768.32,215.4,97.1
Alabama,Jefferson County,1073010401,3765,2683,215,73.3,534399.79,141.9,77.0
Alabama,Jefferson County,1073010402,1855,1314,38,74.5,310323.67,167.3,72.9
Alabama,Jefferson County,1073010500,1628,1193,90,78.6,339887.73,208.8,78.8
Alabama,Jefferson County,1073010602,6266,5928,106,75.1,1617439.89,258.1,96.3
Alabama,Jefferson County,1073010603,2437,2281,19,76.3,245268.3,100.6,94.4
Alabama,Jefferson County,1073010701,2218,911,355,68.5,,0,57.1
Alabama,Jefferson County,1073010702,4484,586,314,84.9,432377.39,96.4,20.1
Alabama,Jefferson County,1073010703,2304,24,31,84.7,0,0.0,2.4
Alabama,Jefferson County,1073010704,4892,593,384,77.4,,0,20.0
Alabama,Jefferson County,1073010705,3487,124,141,80.4,,0,7.6
Alabama,Jefferson County,1073010706,4880,1417,281,73.8,20000,4.1,34.8
Alabama,Jefferson County,1073010801,5792,83,63,82.4,,0,2.5
Alabama,Jefferson County,1073010802,3448,19,16,87.2,,0,1.0
Alabama,Jefferson County,1073010803,6514,2806,168,81.3,213252.77,32.7,45.7
Alabama,Jefferson County,1073010804,2984,5,31,88.7,,0,1.2
Alabama,Jefferson County,1073010805,7367,338,92,89.5,50822.46,6.9,5.8
Alabama,Jefferson County,1073010900,4989,2880,389,75.2,572801.64,114.8,65.5
Alabama,Jefferson County,1073011001,5663,563,529,80.5,,0,19.3
Alabama,Jefferson County,1073011002,2171,931,115,77.7,398560.07,183.6,48.2
Alabama,Jefferson County,1073011104,7903,3393,144,79.1,97549.55,12.3,44.8
Alabama,Jefferson County,1073011107,10433,828,206,87.8,2500,0.2,9.9
Alabama,Jefferson County,1073011108,4548,634,72,81.5,,0,15.5
Alabama,Jefferson County,1073011109,4123,120,50,84.4,540818.51,131.2,4.1
Alabama,Jefferson County,1073011110,5677,539,127,80.1,668551.22,117.8,11.7
Alabama,Jefferson County,1073011111,8018,1026,118,81.7,73822.85,9.2,14.3
Alabama,Jefferson County,1073011205,2087,271,104,80.8,53931.2,25.8,18.0
Alabama,Jefferson County,1073011206,5686,614,109,86.2,,0,12.7
Alabama,Jefferson County,1073011207,5010,3206,99,76.1,,0,66.0
Alabama,Jefferson County,1073011208,3975,760,97,80.8,,0,21.6
Alabama,Jefferson County,1073011209,3221,2291,107,70.5,211248,65.6,74.4
Alabama,Jefferson County,1073011210,3820,2143,246,68.2,37663.71,9.9,62.5
Alabama,Jefferson County,1073011301,3621,389,196,81,,0,16.2
Alabama,Jefferson County,1073011302,6267,107,47,85.4,479917.22,76.6,2.5
Alabama,Jefferson County,1073011400,6581,463,55,83.6,319069.82,48.5,7.9
Alabama,Jefferson County,1073011500,5902,17,27,85,,0,0.7
Alabama,Jefferson County,1073011600,4027,232,31,82,,0,6.5
Alabama,Jefferson County,1073011703,9111,1057,162,84,294509.94,32.3,13.4
Alabama,Jefferson County,1073011704,3984,44,26,86.8,,0,1.8
Alabama,Jefferson County,1073011705,7695,381,751,78.6,189071.57,24.6,14.7
Alabama,Jefferson County,1073011706,2394,89,220,81.6,,0,12.9
Alabama,Jefferson County,1073011802,7512,3980,387,76,,0,58.1
Alabama,Jefferson County,1073011803,4802,3496,110,73,106325.7,22.1,75.1
Alabama,Jefferson County,1073011804,2978,2154,95,75.7,17500,5.9,75.5
Alabama,Jefferson County,1073011901,2957,760,545,73.8,888693.25,300.5,44.1
Alabama,Jefferson County,1073011904,2337,2158,31,82.2,541265.06,231.6,93.7
Alabama,Jefferson County,1073012001,4408,2321,100,77.4,47698,10.8,54.9
Alabama,Jefferson County,1073012002,6387,2136,194,83.5,220836.34,34.6,36.5
Alabama,Jefferson County,1073012103,4146,2183,58,85.1,595514.2,143.6,54.1
Alabama,Jefferson County,1073012104,3024,934,80,79.9,417484.44,138.1,33.5
Alabama,Jefferson County,1073012200,4160,1164,13,84.7,,0,28.3
Alabama,Jefferson County,1073012302,3829,159,31,84.9,,0,5.0
Alabama,Jefferson County,1073012304,2611,993,20,82.6,,0,38.8
Alabama,Jefferson County,1073012305,7947,4343,37,81.9,29425,3.7,55.1
Alabama,Jefferson County,1073012401,3737,3295,37,78.4,16175,4.3,89.2
Alabama,Jefferson County,1073012402,3077,1718,48,69.9,82349.45,26.8,57.4
Alabama,Jefferson County,1073012403,3592,1577,55,83,,0,45.4
Alabama,Jefferson County,1073012500,4454,1763,68,79.9,557078.68,125.1,41.1
Alabama,Jefferson County,1073012602,2973,998,79,76.6,122303.25,41.1,36.2
Alabama,Jefferson County,1073012701,3537,547,703,79.7,,0,35.3
Alabama,Jefferson County,1073012703,5593,428,317,83.8,,0,13.3
Alabama,Jefferson County,1073012704,2131,106,41,87.2,,0,6.9
Alabama,Jefferson County,1073012802,2759,59,111,88.3,,0,6.2
Alabama,Jefferson County,1073012803,4734,181,120,87.6,7480,1.6,6.4
Alabama,Jefferson County,1073012905,4277,48,57,84.4,,0,2.5
Alabama,Jefferson County,1073012906,6671,649,314,83.3,,0,14.4
Alabama,Jefferson County,1073012907,4831,885,188,86.8,85369.79,17.7,22.2
Alabama,Jefferson County,1073012908,4746,1038,1128,68.2,1413566.3,297.8,45.6
Alabama,Jefferson County,1073012910,3347,248,109,74.8,,0,10.7
Alabama,Jefferson County,1073012911,5757,65,57,89.2,,0,2.1
Alabama,Jefferson County,1073012912,5473,2123,1498,59.6,,0,66.2
Alabama,Jefferson County,1073012913,4614,2069,499,61.2,,0,55.7
Alabama,Jefferson County,1073012914,1927,82,31,78.8,11700,6.1,5.9
Alabama,Jefferson County,1073012915,6083,430,191,80.7,10000,1.6,10.2
Alabama,Jefferson County,1073013002,1514,1474,19,80.7,799557.24,528.1,98.6
Alabama,Jefferson County,1073013100,4508,4371,46,78.3,1930369.66,428.2,98.0
Alabama,Jefferson County,1073013200,2292,1970,35,78.9,380642.12,166.1,87.5
Alabama,Jefferson County,1073013300,3588,2723,608,72.4,551492.63,153.7,92.8
Alabama,Jefferson County,1073013400,4838,4202,37,75,171543.6,35.5,87.6
Alabama,Jefferson County,1073013601,3511,2986,252,76.4,418445.43,119.2,92.2
Alabama,Jefferson County,1073013801,2122,1762,98,77.3,55715.22,26.3,87.7
Alabama,Jefferson County,1073013901,1704,1137,32,80,1140548.91,669.3,68.6
Alabama,Jefferson County,1073013902,2141,576,43,77.3,107910.71,50.4,28.9
Alabama,Jefferson County,1073014001,4011,31,12,79.4,135000,33.7,1.1
Alabama,Jefferson County,1073014002,3656,586,18,81.5,41577.75,11.4,16.5
Alabama,Jefferson County,1073014102,4918,337,33,84.1,546549.2,111.1,7.5
Alabama,Jefferson County,1073014104,3317,1582,65,77,59604.78,18.0,49.7
Alabama,Jefferson County,1073014105,4186,2649,147,77.3,3875,0.9,66.8
Alabama,Jefferson County,1073014203,12502,2939,238,84.9,241038.5,19.3,25.4
Alabama,Jefferson County,1073014204,9787,1154,358,83.6,11972.5,1.2,15.4
Alabama,Jefferson County,1073014301,2802,707,110,80.4,434323.77,155.0,29.2
Alabama,Jefferson County,1073014302,5666,2046,111,81.5,155205.62,27.4,38.1
Alabama,Jefferson County,1073014404,5433,905,292,75,,0,22.0
Alabama,Jefferson County,1073014405,3929,673,129,75.6,195365.77,49.7,20.4
Alabama,Jefferson County,1073014406,5759,293,161,87.5,9619.62,1.7,7.9
Alabama,Jefferson County,1073014408,3648,1090,230,67,,0,36.2
Alabama,Jefferson County,1073014409,3309,216,61,90.2,,0,8.4
Alabama,Jefferson County,1073014410,5180,755,130,75.6,,0,17.1
Alabama,Jefferson County,1073014412,4162,129,94,86,51745,12.4,5.4
Alabama,Jefferson County,1073014413,8852,776,209,86.1,,0,11.1
Alabama,Lamar County,1075030000,4689,531,49,84,,0,12.4
Alabama,Lamar County,1075030100,5713,629,106,85.3,380248.78,66.6,12.9
Alabama,Lamar County,1075030200,4162,475,25,82.3,104000,25.0,12.0
Alabama,Lauderdale County,1077010100,1959,572,75,63.7,2134926.54,1089.8,33.0
Alabama,Lauderdale County,1077010200,1953,525,20,77,893602.74,457.6,27.9
Alabama,Lauderdale County,1077010300,1513,1386,31,67.2,1067240.91,705.4,93.7
Alabama,Lauderdale County,1077010400,2871,444,69,78.9,44903.67,15.6,17.9
Alabama,Lauderdale County,1077010600,2740,438,106,70.8,679501.32,248.0,19.9
Alabama,Lauderdale County,1077010700,2098,415,182,78.2,309524.25,147.5,28.5
Alabama,Lauderdale County,1077010800,3797,762,250,71.5,272277.67,71.7,26.7
Alabama,Lauderdale County,1077010900,7081,999,390,75.5,7900,1.1,19.6
Alabama,Lauderdale County,1077011000,4612,1351,107,73.5,122536.38,26.6,31.6
Alabama,Lauderdale County,1077011101,5919,419,92,81.1,,0,8.6
Alabama,Lauderdale County,1077011102,4465,396,66,79.5,53957.74,12.1,10.3
Alabama,Lauderdale County,1077011200,4023,463,85,81.8,,0,13.6
Alabama,Lauderdale County,1077011300,2353,27,40,78.7,119500,50.8,2.8
Alabama,Lauderdale County,1077011400,6563,78,60,78.1,,0,2.1
Alabama,Lauderdale County,1077011501,6260,170,119,85.6,48942,7.8,4.6
Alabama,Lauderdale County,1077011502,5231,57,61,84.7,28600,5.5,2.3
Alabama,Lauderdale County,1077011602,5073,23,47,81.5,,0,1.4
Alabama,Lauderdale County,1077011603,4478,29,80,82.1,,0,2.4
Alabama,Lauderdale County,1077011604,6610,254,92,82.1,,0,5.2
Alabama,Lauderdale County,1077011700,4480,19,37,81.1,,0,1.2
Alabama,Lauderdale County,1077011801,4922,22,41,78.2,,0,1.3
Alabama,Lauderdale County,1077011802,3708,341,32,76.4,4500,1.2,10.1
Alabama,Lawrence County,1079979100,1668,946,14,81.6,,0,57.6
Alabama,Lawrence County,1079979200,4655,2005,137,77.9,235000,50.5,46.0
Alabama,Lawrence County,1079979300,4615,16,37,78.3,,0,1.1
Alabama,Lawrence County,1079979400,4514,534,94,78.9,,0,13.9
Alabama,Lawrence County,1079979500,6071,81,110,82.4,,0,3.1
Alabama,Lawrence County,1079979600,5481,93,83,82.5,,0,3.2
Alabama,Lawrence County,1079979700,2124,135,35,79.5,,0,8.0
Alabama,Lawrence County,1079979800,3269,30,47,81.3,417080,127.6,2.4
Alabama,Lawrence County,1079979900,1942,77,17,83,,0,4.8
Alabama,Lee County,1081040200,5133,620,247,76,3473520.15,676.7,16.9
Alabama,Lee County,1081040300,2470,319,84,73.6,,0,16.3
Alabama,Lee County,1081040400,6960,867,176,75.6,,0,15.0
Alabama,Lee County,1081040500,7652,938,189,84.7,105752.92,13.8,14.7
Alabama,Lee County,1081040602,4152,2200,98,77.4,128978.34,31.1,55.3
Alabama,Lee County,1081040603,988,385,41,65.4,54528.77,55.2,43.1
Alabama,Lee County,1081040604,5146,621,210,64.1,96470,18.7,16.1
Alabama,Lee County,1081040700,3977,318,114,59,,0,10.9
Alabama,Lee County,1081040800,3750,261,81,60.2,,0,9.1
Alabama,Lee County,1081040901,3264,556,64,86.1,,0,19.0
Alabama,Lee County,1081040902,5201,1072,238,69.3,109047.45,21.0,25.2
Alabama,Lee County,1081041000,7236,2248,219,84.3,,0,34.1
Alabama,Lee County,1081041100,9042,2873,926,75,58072,6.4,42.0
Alabama,Lee County,1081041200,4400,625,56,83.4,30483.16,6.9,15.5
Alabama,Lee County,1081041300,3325,1203,71,81.7,40829,12.3,38.3
Alabama,Lee County,1081041400,3565,3091,90,75,254710.28,71.4,89.2
Alabama,Lee County,1081041600,3226,2342,55,75.7,609382.74,188.9,74.3
Alabama,Lee County,1081041700,8528,2630,195,81.4,65821,7.7,33.1
Alabama,Lee County,1081041800,6705,856,85,80,,0,14.0
Alabama,Lee County,1081041900,7623,978,149,81.5,,0,14.8
Alabama,Lee County,1081042002,6621,804,188,78.3,,0,15.0
Alabama,Lee County,1081042003,3645,408,139,77.2,,0,15.0
Alabama,Lee County,1081042004,9990,1758,454,79.8,,0,22.1
Alabama,Lee County,1081042005,5181,941,168,76.6,,0,21.4
Alabama,Lee County,1081042006,1998,263,62,77.3,,0,16.3
Alabama,Lee County,1081042101,3643,1002,67,83.7,,0,29.3
Alabama,Lee County,1081042102,6826,1495,105,84.4,,0,23.4
Alabama,Limestone County,1083020101,4257,169,223,77.9,,0,9.2
Alabama,Limestone County,1083020102,6317,76,165,79,180928,28.6,3.8
Alabama,Limestone County,1083020201,4820,281,581,72.3,,0,17.9
Alabama,Limestone County,1083020202,4957,150,98,77.2,57522,11.6,5.0
Alabama,Limestone County,1083020300,3583,44,29,83.8,,0,2.0
Alabama,Limestone County,1083020401,5961,328,139,79.8,,0,7.8
Alabama,Limestone County,1083020402,5404,337,461,78.4,,0,14.8
Alabama,Limestone County,1083020500,2805,533,156,85.4,270000,96.3,24.6
Alabama,Limestone County,1083020600,4140,478,918,70.8,807878.31,195.1,33.7
Alabama,Limestone County,1083020700,2062,357,277,70.1,,0,30.7
Alabama,Limestone County,1083020801,8032,1536,159,82.4,,0,21.1
Alabama,Limestone County,1083020802,8228,1013,200,83.3,250000,30.4,14.7
Alabama,Limestone County,1083020900,3755,492,179,77.6,,0,17.9
Alabama,Limestone County,1083021000,2445,1119,190,83.1,,0,53.5
Alabama,Limestone County,1083021100,6578,1597,452,84.8,,0,31.1
Alabama,Limestone County,1083021200,9438,1840,364,87.9,,0,23.4
Alabama,Lowndes County,1085780800,3620,2258,26,72.2,,0,63.1
Alabama,Lowndes County,1085781000,2932,2136,17,68.6,359385.3,122.6,73.4
Alabama,Lowndes County,1085781100,1861,1680,30,51.7,,0,91.9
Alabama,Lowndes County,1085781200,2886,2209,14,50.1,,0,77.0
Alabama,Macon County,1087231400,1403,786,32,82.6,224145,159.8,58.3
Alabama,Macon County,1087231500,3156,1474,41,83.7,,0,48.0
Alabama,Macon County,1087231601,1187,952,7,83.5,,0,80.8
Alabama,Macon County,1087231602,1559,1452,15,81.5,,0,94.1
Alabama,Macon County,1087231603,1307,1159,7,82,,0,89.2
Alabama,Macon County,1087231700,2113,1967,48,60.2,,0,95.4
Alabama,Macon County,1087231800,1262,1213,21,77.8,,0,97.8
Alabama,Macon County,1087231900,1940,1878,16,73.5,,0,97.6
Alabama,Macon County,1087232000,1531,1436,12,75.7,606706,396.3,94.6
Alabama,Macon County,1087232100,1935,1891,10,75.9,,0,98.2
Alabama,Macon County,1087232200,2309,1809,15,65.5,123183.8,53.3,79.0
Alabama,Macon County,1087232300,1750,1614,8,73.9,,0,92.7
Alabama,Madison County,1089000201,760,710,9,72.1,76222.12,100.3,94.6
Alabama,Madison County,1089000202,4399,3544,156,68.3,172349.27,39.2,84.1
Alabama,Madison County,1089000301,3954,2949,234,78.9,2719534.12,687.8,80.5
Alabama,Madison County,1089000302,3650,3104,110,79,194485.75,53.3,88.1
Alabama,Madison County,1089000403,4886,3961,72,78,319461.39,65.4,82.5
Alabama,Madison County,1089000501,1807,1317,84,75.2,4766.68,2.6,77.5
Alabama,Madison County,1089000502,2333,1878,87,74.5,68157.21,29.2,84.2
Alabama,Madison County,1089000503,1878,1453,43,75,21891.85,11.7,79.7
Alabama,Madison County,1089000601,1598,920,69,72.7,6367.12,4.0,61.9
Alabama,Madison County,1089000602,1992,1229,69,76.8,25167.74,12.6,65.2
Alabama,Madison County,1089000701,2997,2178,266,76,386287.84,128.9,81.5
Alabama,Madison County,1089000702,2651,1694,78,75.6,38904.57,14.7,66.8
Alabama,Madison County,1089000901,4193,274,97,86.3,53752.08,12.8,8.8
Alabama,Madison County,1089000902,2061,132,40,80.7,31234.27,15.2,8.3
Alabama,Madison County,1089001000,2882,91,90,79.8,170773.32,59.3,6.3
Alabama,Madison County,1089001200,3380,2898,116,68,424513.76,125.6,89.2
Alabama,Madison County,1089001301,3868,2396,480,56.7,31676.48,8.2,74.4
Alabama,Madison County,1089001302,1844,1137,94,73.7,103072.08,55.9,66.8
Alabama,Madison County,1089001401,1579,248,131,83.7,,0,24.0
Alabama,Madison County,1089001402,4853,1628,150,65.5,5631.8,1.2,36.6
Alabama,Madison County,1089001500,4946,1545,397,73.3,58553.45,11.8,39.3
Alabama,Madison County,1089001700,1871,15,21,83.8,,0,1.9
Alabama,Madison County,1089001801,3571,16,55,88.1,36045.25,10.1,2.0
Alabama,Madison County,1089001901,3386,49,51,88.8,12500,3.7,3.0
Alabama,Madison County,1089001902,1333,6,16,89.7,,0,1.7
Alabama,Madison County,1089001903,2484,32,34,91,,0,2.7
Alabama,Madison County,1089002000,2095,68,44,81.9,34652.33,16.5,5.3
Alabama,Madison County,1089002100,3495,1579,417,73.4,420387.5,120.3,57.1
Alabama,Madison County,1089002200,2101,468,471,66.7,94872.32,45.2,44.7
Alabama,Madison County,1089002300,5172,1341,848,76.2,62692.72,12.1,42.3
Alabama,Madison County,1089002400,4744,1505,1185,66.7,87793.37,18.5,56.7
Alabama,Madison County,1089002501,3427,1036,1330,58,268147.3,78.2,69.0
Alabama,Madison County,1089002502,3082,1146,628,64.3,16678.13,5.4,57.6
Alabama,Madison County,1089002600,4036,445,101,76.6,,0,13.5
Alabama,Madison County,1089002701,2534,87,58,86.8,,0,5.7
Alabama,Madison County,1089002721,4039,197,73,86.9,,0,6.7
Alabama,Madison County,1089002722,3074,155,81,83,,0,7.7
Alabama,Madison County,1089002801,3894,384,122,79.3,,0,13.0
Alabama,Madison County,1089002802,5829,235,144,83.4,27283.43,4.7,6.5
Alabama,Madison County,1089002911,4535,92,142,88.8,,0,5.2
Alabama,Madison County,1089002912,2466,34,57,90.7,,0,3.7
Alabama,Madison County,1089002921,6224,360,261,79.3,7500,1.2,10.0
Alabama,Madison County,1089002922,4387,69,116,89.6,13846.39,3.2,4.2
Alabama,Madison County,1089003000,3086,1317,89,71.7,236337.23,76.6,45.6
Alabama,Madison County,1089003100,2982,859,106,84.8,15807134.35,5300.8,32.4
Alabama,Madison County,1089010100,9355,1100,271,86.1,,0,14.7
Alabama,Madison County,1089010200,5516,436,91,81.9,,0,9.6
Alabama,Madison County,1089010301,8125,444,153,78.3,,0,7.3
Alabama,Madison County,1089010302,3868,211,115,79,,0,8.4
Alabama,Madison County,1089010401,6027,400,161,76.9,,0,9.3
Alabama,Madison County,1089010402,6736,1234,168,78.5,,0,20.8
Alabama,Madison County,1089010501,11342,3381,372,83.1,,0,33.1
Alabama,Madison County,1089010502,2926,957,84,79,,0,35.6
Alabama,Madison County,1089010612,4288,1107,146,75,,0,29.2
Alabama,Madison County,1089010621,6759,1599,178,86.9,,0,26.3
Alabama,Madison County,1089010622,9764,5380,346,65,14104.74,1.4,58.6
Alabama,Madison County,1089010623,5845,1108,214,84.3,,0,22.6
Alabama,Madison County,1089010624,8187,1322,249,83.5,,0,19.2
Alabama,Madison County,1089010701,7848,1468,246,81,,0,21.8
Alabama,Madison County,1089010702,7199,1964,189,79.7,,0,29.9
Alabama,Madison County,1089010800,9826,1248,233,82.9,,0,15.1
Alabama,Madison County,1089010901,12621,317,299,87.2,,0,4.9
Alabama,Madison County,1089010902,3124,405,70,84.3,,0,15.2
Alabama,Madison County,1089011011,9111,1092,353,87.3,,0,15.9
Alabama,Madison County,1089011012,5976,393,164,88.2,,0,9.3
Alabama,Madison County,1089011013,5058,526,180,83.9,,0,14.0
Alabama,Madison County,1089011014,8722,1524,554,82.5,,0,23.8
Alabama,Madison County,1089011021,3912,1127,170,75.7,,0,33.2
Alabama,Madison County,1089011022,6466,1190,335,70.7,,0,23.6
Alabama,Madison County,1089011100,1955,377,210,71.5,,0,30.0
Alabama,Madison County,1089011200,8316,2343,386,82.1,234500,28.2,32.8
Alabama,Madison County,1089011300,5242,69,94,81.1,,0,3.1
Alabama,Madison County,1089011400,4339,14,51,82.4,75000,17.3,1.5
Alabama,Marengo County,1091972900,5235,3288,137,75.9,,0,65.4
Alabama,Marengo County,1091973000,4762,2185,80,77,220000,46.2,47.6
Alabama,Marengo County,1091973100,2150,1419,24,67.5,,0,67.1
Alabama,Marengo County,1091973200,2473,1663,8,78.2,,0,67.6
Alabama,Marengo County,1091973300,2088,944,12,84.5,,0,45.8
Alabama,Marengo County,1091973400,4319,1339,91,77.6,325000,75.2,33.1
Alabama,Marion County,1093964000,5087,41,130,84.7,,0,3.4
Alabama,Marion County,1093964100,2767,8,35,85.8,,0,1.6
Alabama,Marion County,1093964200,1560,75,8,83.8,,0,5.3
Alabama,Marion County,1093964300,4457,125,162,82.3,242380.42,54.4,6.4
Alabama,Marion County,1093964400,5818,446,123,83.8,100000,17.2,9.8
Alabama,Marion County,1093964500,2175,6,18,75.2,,0,1.1
Alabama,Marion County,1093964600,3298,278,50,77.6,,0,9.9
Alabama,Marion County,1093964700,5614,199,106,77.9,957405.26,170.5,5.4
Alabama,Marshall County,1095030100,2662,0,166,82.9,,0,6.2
Alabama,Marshall County,1095030201,5381,12,93,85.2,,0,2.0
Alabama,Marshall County,1095030202,4820,18,66,86.8,,0,1.7
Alabama,Marshall County,1095030300,6430,41,77,80.4,,0,1.8
Alabama,Marshall County,1095030401,4583,3,129,78.4,,0,2.9
Alabama,Marshall County,1095030402,3453,5,44,81.9,185000,53.6,1.4
Alabama,Marshall County,1095030500,7454,18,132,77.4,,0,2.0
Alabama,Marshall County,1095030600,6510,513,329,82.3,,0,12.9
Alabama,Marshall County,1095030701,3724,96,416,76.8,,0,13.7
Alabama,Marshall County,1095030702,4024,105,246,79.6,669994,166.5,8.7
Alabama,Marshall County,1095030801,5014,119,1055,75.2,176268.26,35.2,23.4
Alabama,Marshall County,1095030802,7726,83,3048,67.9,,0,40.5
Alabama,Marshall County,1095030902,4267,48,461,78.6,,0,11.9
Alabama,Marshall County,1095030903,5492,99,1583,72.5,,0,30.6
Alabama,Marshall County,1095030904,5409,55,1011,79.1,,0,19.7
Alabama,Marshall County,1095031000,6028,41,793,79.6,,0,13.8
Alabama,Marshall County,1095031100,4688,83,861,70.3,,0,20.1
Alabama,Marshall County,1095031200,5354,50,728,76.3,,0,14.5
Alabama,Mobile County,1097000200,1416,619,35,75.6,10446544,7377.5,46.2
Alabama,Mobile County,1097000401,1233,1211,3,76.6,196967.75,159.7,98.5
Alabama,Mobile County,1097000500,1815,1742,33,77.7,284995.87,157.0,97.8
Alabama,Mobile County,1097000600,2897,2828,18,73.1,315683.26,109.0,98.2
Alabama,Mobile County,1097000701,2162,2130,6,82.1,1358996.4,628.6,98.8
Alabama,Mobile County,1097000702,2451,2391,28,83.1,86135.63,35.1,98.7
Alabama,Mobile County,1097000800,4029,3939,24,82.5,393537.45,97.7,98.4
Alabama,Mobile County,1097000901,1708,648,47,74.5,416712.5,244.0,40.7
Alabama,Mobile County,1097000902,2045,339,27,79.8,499545.63,244.3,17.9
Alabama,Mobile County,1097000903,1627,912,23,77.4,57932.23,35.6,57.5
Alabama,Mobile County,1097001001,2058,853,49,72.1,674065.74,327.5,43.8
Alabama,Mobile County,1097001002,2176,1270,21,76.9,364008.89,167.3,59.3
Alabama,Mobile County,1097001100,2244,2096,16,75,259459.35,115.6,94.1
Alabama,Mobile County,1097001200,3484,2952,18,73.7,10187441.23,2924.1,85.2
Alabama,Mobile County,1097001302,3045,2957,21,75.8,752646.74,247.2,97.8
Alabama,Mobile County,1097001400,2172,2091,29,75.6,771335.63,355.1,97.6
Alabama,Mobile County,1097001501,2164,2094,10,76.4,6685758.88,3089.5,97.2
Alabama,Mobile County,1097001502,1608,1562,11,72.8,380450,236.6,97.8
Alabama,Mobile County,1097001800,2634,1347,164,77.8,40188.5,15.3,57.4
Alabama,Mobile County,1097001901,2254,1059,21,77.9,62877.64,27.9,47.9
Alabama,Mobile County,1097001902,3418,1792,46,71.6,32673.09,9.6,53.8
Alabama,Mobile County,1097002000,1819,656,19,82.8,7539,4.1,37.1
Alabama,Mobile County,1097002100,3906,2993,82,71.7,242101.17,62.0,78.7
Alabama,Mobile County,1097002200,2850,2043,57,78.9,221278.76,77.6,73.7
Alabama,Mobile County,1097002301,2188,1943,32,76.9,34396.5,15.7,90.3
Alabama,Mobile County,1097002302,2007,1924,1,79.7,87580,43.6,95.9
Alabama,Mobile County,1097002400,3761,3008,59,75.2,87402,23.2,81.5
Alabama,Mobile County,1097002501,3439,303,44,74.2,,0,10.1
Alabama,Mobile County,1097002502,2339,320,31,77.1,5348,2.3,15.0
Alabama,Mobile County,1097002600,2682,2274,20,80.2,1175926.47,438.5,85.5
Alabama,Mobile County,1097002700,2446,2044,21,72.6,139186.96,56.9,84.4
Alabama,Mobile County,1097002800,4536,1944,215,69.4,,0,47.6
Alabama,Mobile County,1097002900,3667,1525,212,77.3,65339.84,17.8,47.4
Alabama,Mobile County,1097003000,3144,962,67,75.1,,0,32.7
Alabama,Mobile County,1097003100,4370,589,95,82.1,,0,15.7
Alabama,Mobile County,1097003202,2768,1290,109,73.4,268735.2,97.1,50.5
Alabama,Mobile County,1097003203,3629,1472,111,73.6,,0,43.6
Alabama,Mobile County,1097003204,4769,2189,386,61.1,10000,2.1,54.0
Alabama,Mobile County,1097003205,3557,2629,139,61.2,,0,77.8
Alabama,Mobile County,1097003301,2683,513,87,72.1,,0,22.4
Alabama,Mobile County,1097003302,4674,498,148,78.3,49414.31,10.6,13.8
Alabama,Mobile County,1097003402,3693,2824,44,72.5,9062,2.5,77.7
Alabama,Mobile County,1097003404,2540,1967,18,70.9,20607,8.1,78.1
Alabama,Mobile County,1097003405,1899,1021,47,82.8,12873.86,6.8,56.2
Alabama,Mobile County,1097003406,2791,1315,64,76.8,4603,1.6,49.4
Alabama,Mobile County,1097003407,7135,2965,184,74.2,53463.23,7.5,44.1
Alabama,Mobile County,1097003408,3994,2472,65,78.6,259133.38,64.9,63.5
Alabama,Mobile County,1097003501,3664,456,44,77.3,74008.53,20.2,13.6
Alabama,Mobile County,1097003502,2561,58,59,85,49290.73,19.2,4.6
Alabama,Mobile County,1097003602,1532,895,46,56.5,229095.56,149.5,61.4
Alabama,Mobile County,1097003606,3125,543,130,72.8,,0,21.5
Alabama,Mobile County,1097003607,3805,1377,241,66.7,,0,42.5
Alabama,Mobile County,1097003608,1300,721,21,74.9,18019,13.9,57.1
Alabama,Mobile County,1097003703,3425,794,216,70.4,,0,29.5
Alabama,Mobile County,1097003704,4259,431,76,77.7,,0,11.9
Alabama,Mobile County,1097003705,4379,567,130,71.2,,0,15.9
Alabama,Mobile County,1097003706,3163,631,67,73.8,9039,2.9,22.1
Alabama,Mobile County,1097003707,4477,1434,187,69.7,23204,5.2,36.2
Alabama,Mobile County,1097003708,3833,668,98,83.1,,0,20.0
Alabama,Mobile County,1097003709,5762,1462,150,79.1,7950,1.4,28.0
Alabama,Mobile County,1097003710,4402,1118,101,75.6,33917.2,7.7,27.7
Alabama,Mobile County,1097003800,1467,740,31,80.1,209563.18,142.9,52.6
Alabama,Mobile County,1097003901,2076,2013,27,80.2,595669.07,286.9,98.3
Alabama,Mobile County,1097003902,969,945,9,72.5,498293.74,514.2,98.5
Alabama,Mobile County,1097004000,2538,2487,6,77.8,,0,98.2
Alabama,Mobile County,1097004100,910,900,3,74.5,4700,5.2,99.2
Alabama,Mobile County,1097004800,1303,1221,9,72.7,,0,94.4
Alabama,Mobile County,1097004900,3289,3089,15,79.9,754496.33,229.4,94.4
Alabama,Mobile County,1097005000,1872,1290,15,77.9,,0,69.7
Alabama,Mobile County,1097005100,1557,774,54,64.9,,0,53.2
Alabama,Mobile County,1097005200,1534,492,26,77.5,88827.91,57.9,33.8
Alabama,Mobile County,1097005300,1990,394,28,75.1,177940.01,89.4,21.2
Alabama,Mobile County,1097005400,4068,455,147,72.3,1018137.28,250.3,14.8
Alabama,Mobile County,1097005500,2973,562,120,77.1,147997.12,49.8,22.9
Alabama,Mobile County,1097005600,7164,828,102,80.7,375000,52.3,13.0
Alabama,Mobile County,1097005700,7182,694,91,83,397106.48,55.3,10.9
Alabama,Mobile County,1097005800,4942,1816,44,61.4,526749.49,106.6,37.6
Alabama,Mobile County,1097005900,4538,382,46,76.7,,0,9.4
Alabama,Mobile County,1097006000,4996,910,127,77,767763.88,153.7,20.8
Alabama,Mobile County,1097006102,2941,387,57,72.1,,0,15.1
Alabama,Mobile County,1097006103,5080,3895,68,79.7,,0,78.0
Alabama,Mobile County,1097006104,4592,552,67,77.2,,0,13.5
Alabama,Mobile County,1097006105,6575,1254,67,74.9,206172.6,31.4,20.1
Alabama,Mobile County,1097006200,6036,330,115,73.3,252065.97,41.8,7.4
Alabama,Mobile County,1097006301,10520,374,388,77.4,1322278.25,125.7,7.2
Alabama,Mobile County,1097006302,6313,712,199,77.6,50250,8.0,14.4
Alabama,Mobile County,1097006402,4702,982,62,76,79075.92,16.8,22.2
Alabama,Mobile County,1097006403,1821,445,92,77.8,,0,29.5
Alabama,Mobile County,1097006404,10046,1660,407,83.2,,0,20.6
Alabama,Mobile County,1097006405,6901,1279,227,82,,0,21.8
Alabama,Mobile County,1097006406,7548,793,231,85.7,,0,13.6
Alabama,Mobile County,1097006407,6016,230,72,81.9,,0,5.0
Alabama,Mobile County,1097006501,4878,543,99,78.3,,0,13.2
Alabama,Mobile County,1097006502,11958,925,300,80.2,,0,10.2
Alabama,Mobile County,1097006600,5548,499,126,79.1,128234.57,23.1,11.3
Alabama,Mobile County,1097006701,7341,1251,302,74.1,184661.82,25.2,21.2
Alabama,Mobile County,1097006702,4064,529,86,75.7,294911.03,72.6,15.1
Alabama,Mobile County,1097006801,7958,923,169,79.1,,0,13.7
Alabama,Mobile County,1097006802,3280,155,108,78.2,628382.42,191.6,8.0
Alabama,Mobile County,1097006901,7604,1134,304,75.8,,0,18.9
Alabama,Mobile County,1097006902,3973,488,224,75.1,0,0.0,17.9
Alabama,Mobile County,1097007000,4559,239,45,81.7,,0,6.2
Alabama,Mobile County,1097007101,4717,480,168,79.2,,0,13.7
Alabama,Mobile County,1097007102,3110,1727,44,75.7,575069.85,184.9,56.9
Alabama,Mobile County,1097007103,3390,357,57,82.4,,0,12.2
Alabama,Mobile County,1097007201,2999,106,103,77.5,,0,7.0
Alabama,Mobile County,1097007202,2771,51,22,81.9,,0,2.6
Alabama,Mobile County,1097007300,4439,404,153,70.5,1275234.57,287.3,12.5
Alabama,Mobile County,1097007400,3647,1996,35,79.2,37368.14,10.2,55.7
Alabama,Mobile County,1097007500,1856,1770,17,76.6,348645,187.8,96.3
Alabama,Mobile County,1097007600,2371,2301,14,77.9,,0,97.6
Alabama,Mobile County,1097007700,1563,1545,6,80.2,,0,99.2
Alabama,Monroe County,1099075600,1341,1061,9,59.6,,0,79.8
Alabama,Monroe County,1099075700,1867,1226,8,63.4,,0,66.1
Alabama,Monroe County,1099075800,1500,1063,5,61.6,,0,71.2
Alabama,Monroe County,1099075900,6323,2931,50,74.4,500000,79.1,47.1
Alabama,Monroe County,1099076000,3542,1912,50,72.7,,0,55.4
Alabama,Monroe County,1099076100,6681,1182,84,79.2,,0,18.9
Alabama,Monroe County,1099076200,1814,206,14,83.2,,0,12.1
Alabama,Montgomery County,1101000100,1174,923,33,73.4,9719409.41,8278.9,81.4
Alabama,Montgomery County,1101000200,1605,1284,23,72,1306145.69,813.8,81.4
Alabama,Montgomery County,1101000300,1666,1298,21,71.5,12275.46,7.4,79.2
Alabama,Montgomery County,1101000400,4893,2422,330,75.3,95090.88,19.4,56.2
Alabama,Montgomery County,1101000500,3656,1022,1111,71.5,2300,0.6,58.3
Alabama,Montgomery County,1101000600,1148,1083,3,80.5,1800687.19,1568.5,94.6
Alabama,Montgomery County,1101000700,1388,1124,21,80.6,322071.89,232.0,82.5
Alabama,Montgomery County,1101000900,2515,951,130,83.8,,0,43.0
Alabama,Montgomery County,1101001000,1369,1197,15,67.9,443851.59,324.2,88.5
Alabama,Montgomery County,1101001100,3569,3458,25,74.4,88226.35,24.7,97.6
Alabama,Montgomery County,1101001200,1771,1702,32,72.5,1352017,763.4,97.9
Alabama,Montgomery County,1101001300,2497,1619,62,77.4,199895.85,80.1,67.3
Alabama,Montgomery County,1101001400,3618,736,56,78.4,2205,0.6,21.9
Alabama,Montgomery County,1101001500,3760,2829,124,77.5,355927.25,94.7,78.5
Alabama,Montgomery County,1101001600,3769,1808,279,75.8,,0,55.4
Alabama,Montgomery County,1101001700,5463,923,104,78.9,39999.42,7.3,18.8
Alabama,Montgomery County,1101001800,3411,761,85,78.2,147849.5,43.3,24.8
Alabama,Montgomery County,1101001900,3151,308,67,82.9,6299.8,2.0,11.9
Alabama,Montgomery County,1101002000,4554,1387,95,83.2,43958.91,9.7,32.5
Alabama,Montgomery County,1101002100,4091,3125,43,73.9,824553.2,201.6,77.4
Alabama,Montgomery County,1101002201,4518,4325,39,82,101701.59,22.5,96.6
Alabama,Montgomery County,1101002202,1185,1142,11,80.2,,0,97.3
Alabama,Montgomery County,1101002300,3136,3061,29,84.3,15474.7,4.9,98.5
Alabama,Montgomery County,1101002400,2008,1935,16,80.5,974940.45,485.5,97.2
Alabama,Montgomery County,1101002500,2754,1726,175,78.3,186223,67.6,69.0
Alabama,Montgomery County,1101002600,5956,805,126,87.8,,0,15.6
Alabama,Montgomery County,1101002700,4467,888,85,84.5,,0,21.8
Alabama,Montgomery County,1101002800,4220,2799,94,73.2,,0,68.6
Alabama,Montgomery County,1101002900,8217,7641,149,71.5,8650,1.1,94.8
Alabama,Montgomery County,1101003000,3344,2687,110,72,99100.73,29.6,83.6
Alabama,Montgomery County,1101003100,3774,3467,28,81.6,33631.73,8.9,92.6
Alabama,Montgomery County,1101003200,5724,5127,76,79.1,185535.39,32.4,90.9
Alabama,Montgomery County,1101003301,3495,908,86,82.5,,0,28.4
Alabama,Montgomery County,1101003302,6376,3388,109,73.8,198961.06,31.2,54.8
Alabama,Montgomery County,1101005101,3689,2510,73,82.3,,0,70.0
Alabama,Montgomery County,1101005102,4576,3961,54,75.6,191945.03,41.9,87.7
Alabama,Montgomery County,1101005301,623,154,63,78.4,,0,34.8
Alabama,Montgomery County,1101005302,2104,773,334,73.2,,0,52.6
Alabama,Montgomery County,1101005402,5656,3594,169,75.2,4998,0.9,66.5
Alabama,Montgomery County,1101005403,3614,2344,113,68.8,,0,68.0
Alabama,Montgomery County,1101005406,8896,1523,133,81.5,,0,18.6
Alabama,Montgomery County,1101005407,4599,1626,98,78.6,,0,37.5
Alabama,Montgomery County,1101005408,7637,2784,173,82.9,,0,38.7
Alabama,Montgomery County,1101005409,2495,1256,49,82.7,77821.98,31.2,52.3
Alabama,Montgomery County,1101005410,4933,2703,124,68.8,284932.25,57.8,57.3
Alabama,Montgomery County,1101005501,3246,1870,71,84.8,,0,59.8
Alabama,Montgomery County,1101005502,839,577,11,77.2,,0,70.1
Alabama,Montgomery County,1101005503,3722,976,62,88.7,,0,27.9
Alabama,Montgomery County,1101005504,870,173,31,87.3,,0,23.4
Alabama,Montgomery County,1101005603,7828,5628,1645,66.1,20910,2.7,92.9
Alabama,Montgomery County,1101005604,3533,1228,35,86.9,,0,35.7
Alabama,Montgomery County,1101005605,3473,2288,68,81.3,,0,67.8
Alabama,Montgomery County,1101005606,4964,4081,184,69.7,,0,85.9
Alabama,Montgomery County,1101005607,4531,665,129,89.3,,0,17.5
Alabama,Montgomery County,1101005608,947,152,2,92.7,,0,16.3
Alabama,Montgomery County,1101005609,4622,2364,113,77.8,5485,1.2,53.6
Alabama,Montgomery County,1101005610,1284,764,50,85.6,,0,63.4
Alabama,Montgomery County,1101005611,3140,441,63,86.1,21000,6.7,16.1
Alabama,Montgomery County,1101005612,1107,187,18,87.3,,0,18.5
Alabama,Montgomery County,1101005700,1526,556,5,57.1,,0,36.8
Alabama,Montgomery County,1101005800,2186,777,22,65.8,,0,36.6
Alabama,Montgomery County,1101005901,4865,2046,156,73.8,,0,45.3
Alabama,Montgomery County,1101005902,3762,3656,21,82.1,84125.65,22.4,97.7
Alabama,Montgomery County,1101006000,3611,1270,443,79.8,15086.5,4.2,47.4
Alabama,Montgomery County,1101006100,2243,2142,10,79.9,25170.64,11.2,95.9
Alabama,Morgan County,1103000100,4435,927,865,75.8,262472.94,59.2,40.4
Alabama,Morgan County,1103000200,3623,85,66,86.2,3521.6,1.0,4.2
Alabama,Morgan County,1103000300,2748,251,239,74.5,,0,17.8
Alabama,Morgan County,1103000400,3929,848,356,80.1,3681447.57,937.0,30.6
Alabama,Morgan County,1103000600,3526,2261,723,70.6,74318.67,21.1,84.6
Alabama,Morgan County,1103000700,4116,2068,872,71.9,205940.05,50.0,71.4
Alabama,Morgan County,1103000800,3121,635,790,71,50000,16.0,45.7
Alabama,Morgan County,1103000900,5511,888,1836,69.5,10594.54,1.9,49.4
Alabama,Morgan County,1103001000,3234,829,416,74,,0,38.5
Alabama,Morgan County,1103005101,5036,586,269,76.2,,0,17.0
Alabama,Morgan County,1103005103,875,64,56,80.4,1490.7,1.7,13.7
Alabama,Morgan County,1103005105,2014,122,62,82.7,,0,9.1
Alabama,Morgan County,1103005106,6262,925,192,73.3,,0,17.8
Alabama,Morgan County,1103005107,4353,187,232,82.8,,0,9.6
Alabama,Morgan County,1103005108,3909,679,262,82.5,4000,1.0,24.1
Alabama,Morgan County,1103005109,4577,1447,649,71.1,,0,45.8
Alabama,Morgan County,1103005200,6530,116,94,76.4,,0,3.2
Alabama,Morgan County,1103005301,7940,349,91,80.7,,0,5.5
Alabama,Morgan County,1103005302,3481,80,50,79.1,,0,3.7
Alabama,Morgan County,1103005303,3971,88,226,83.3,671509.86,169.1,7.9
Alabama,Morgan County,1103005304,5554,207,82,79.1,,0,5.2
Alabama,Morgan County,1103005404,5161,45,102,81.9,,0,2.8
Alabama,Morgan County,1103005405,5208,145,28,85.1,,0,3.3
Alabama,Morgan County,1103005500,5687,66,103,83.8,,0,3.0
Alabama,Morgan County,1103005600,5655,7,96,79.1,75000,13.3,1.8
Alabama,Morgan County,1103005701,2658,12,10,80.4,,0,0.8
Alabama,Morgan County,1103005702,6376,142,389,75.8,,0,8.3
Alabama,Perry County,1105686800,1055,409,7,57.7,,0,39.4
Alabama,Perry County,1105687000,5557,3323,87,50.5,,0,61.4
Alabama,Perry County,1105687100,3979,3512,20,55.6,,0,88.8
Alabama,Pickens County,1107050000,4837,863,58,69.6,,0,19.0
Alabama,Pickens County,1107050100,3656,1187,21,69.1,,0,33.0
Alabama,Pickens County,1107050200,2029,614,5,79.9,,0,30.5
Alabama,Pickens County,1107050300,3840,2221,160,63.3,,0,62.0
Alabama,Pickens County,1107050400,5384,3284,69,71,,0,62.3
Alabama,Pike County,1109188600,2002,400,7,67.1,,0,20.3
Alabama,Pike County,1109188700,1668,705,24,57.1,,0,43.7
Alabama,Pike County,1109188800,2431,653,10,79.7,,0,27.3
Alabama,Pike County,1109188900,4994,3189,62,59.3,,0,65.1
Alabama,Pike County,1109189000,8053,2713,151,75.6,,0,35.6
Alabama,Pike County,1109189100,7023,2018,272,67.5,990000,141.0,32.6
Alabama,Pike County,1109189200,2753,575,80,76.9,,0,23.8
Alabama,Pike County,1109189300,3975,1737,124,69.1,397438,100.0,46.8
Alabama,Randolph County,1111000100,3615,240,361,76.2,,0,16.6
Alabama,Randolph County,1111000200,3251,185,43,84.8,,0,7.0
Alabama,Randolph County,1111000300,4266,815,29,78.7,,0,19.8
Alabama,Randolph County,1111000400,4591,822,76,83,,0,19.6
Alabama,Randolph County,1111000500,5078,2064,44,81.2,,0,41.5
Alabama,Randolph County,1111000600,2112,478,96,72.2,967276.39,458.0,27.2
Alabama,Russell County,1113030200,2091,1271,59,71.4,370332.71,177.1,63.6
Alabama,Russell County,1113030300,3548,1002,78,76.8,,0,30.4
Alabama,Russell County,1113030401,5290,1266,216,76.1,,0,28.0
Alabama,Russell County,1113030402,2857,425,103,84.9,,0,18.5
Alabama,Russell County,1113030500,2019,504,51,79.9,,0,27.5
Alabama,Russell County,1113030600,6672,4427,381,76,,0,72.1
Alabama,Russell County,1113030700,3793,2481,182,71.4,,0,70.2
Alabama,Russell County,1113030800,3110,2952,14,73.4,,0,95.4
Alabama,Russell County,1113030901,7031,1006,188,78.8,,0,17.0
Alabama,Russell County,1113030902,6946,2875,486,79.9,,0,48.4
Alabama,Russell County,1113031000,3727,855,80,71.9,,0,25.1
Alabama,Russell County,1113031100,1873,1433,37,66.2,,0,78.5
Alabama,Russell County,1113031200,3990,1429,71,76.7,,0,37.6
Alabama,St. Clair County,1115040103,8758,779,162,85,,0,10.7
Alabama,St. Clair County,1115040104,5229,331,84,83.3,,0,7.9
Alabama,St. Clair County,1115040105,4372,81,104,69.9,,0,4.2
Alabama,St. Clair County,1115040106,6664,372,168,82.3,250000,37.5,8.1
Alabama,St. Clair County,1115040201,5808,247,102,81,,0,6.0
Alabama,St. Clair County,1115040203,6137,1358,158,67.6,779600,127.0,24.7
Alabama,St. Clair County,1115040204,6661,694,164,74.8,166299,25.0,12.9
Alabama,St. Clair County,1115040205,5279,316,59,73.8,,0,7.1
Alabama,St. Clair County,1115040300,5509,313,74,80.9,225000,40.8,7.0
Alabama,St. Clair County,1115040401,4731,498,132,80.6,,0,13.3
Alabama,St. Clair County,1115040402,3718,52,188,84.4,,0,6.5
Alabama,St. Clair County,1115040501,11002,366,102,85.4,,0,4.3
Alabama,St. Clair County,1115040502,9725,1691,219,81.8,,0,19.6
Alabama,Shelby County,1117030102,4127,998,56,84.3,,0,25.5
Alabama,Shelby County,1117030103,1038,48,34,81.8,,0,7.9
Alabama,Shelby County,1117030211,2718,136,46,91.2,,0,6.7
Alabama,Shelby County,1117030212,3231,807,426,67.1,155990.24,48.3,38.2
Alabama,Shelby County,1117030213,4712,496,218,83.9,,0,15.2
Alabama,Shelby County,1117030214,7114,264,236,87.1,,0,7.0
Alabama,Shelby County,1117030215,3742,256,141,84.9,,0,10.6
Alabama,Shelby County,1117030216,6429,507,116,90.1,,0,9.7
Alabama,Shelby County,1117030217,5277,257,97,90.9,,0,6.7
Alabama,Shelby County,1117030303,7016,634,267,84.5,57960.36,8.3,12.8
Alabama,Shelby County,1117030304,5639,267,95,84.8,,0,6.4
Alabama,Shelby County,1117030305,3987,78,47,89.5,,0,3.1
Alabama,Shelby County,1117030306,3938,568,374,80.2,,0,23.9
Alabama,Shelby County,1117030314,3084,690,165,79,,0,27.7
Alabama,Shelby County,1117030315,5670,425,1697,79.1,,0,37.4
Alabama,Shelby County,1117030316,5360,465,790,78.9,,0,23.4
Alabama,Shelby County,1117030317,3834,263,154,83.5,,0,10.9
Alabama,Shelby County,1117030319,2459,866,242,80.6,,0,45.1
Alabama,Shelby County,1117030320,5250,424,234,81.8,,0,12.5
Alabama,Shelby County,1117030330,5410,289,96,83.5,,0,7.1
Alabama,Shelby County,1117030331,4399,72,277,85.8,81609,18.6,7.9
Alabama,Shelby County,1117030332,1150,60,11,86.6,,0,6.2
Alabama,Shelby County,1117030333,4761,226,135,88,,0,7.6
Alabama,Shelby County,1117030334,3686,267,85,84.9,,0,9.5
Alabama,Shelby County,1117030336,6069,724,228,85.1,,0,15.7
Alabama,Shelby County,1117030337,1384,90,156,77.9,,0,17.8
Alabama,Shelby County,1117030340,5668,555,454,82.9,,0,17.8
Alabama,Shelby County,1117030341,2091,243,314,75.6,,0,26.6
Alabama,Shelby County,1117030342,2624,91,51,91.4,,0,5.4
Alabama,Shelby County,1117030344,2849,267,132,80.7,,0,14.0
Alabama,Shelby County,1117030345,2865,205,198,81.9,,0,14.1
Alabama,Shelby County,1117030405,1250,307,53,73.9,,0,28.8
Alabama,Shelby County,1117030406,3426,451,430,78.8,,0,25.7
Alabama,Shelby County,1117030407,1954,456,53,72.5,467600,239.3,26.0
Alabama,Shelby County,1117030408,3504,867,258,79.1,,0,32.1
Alabama,Shelby County,1117030501,6734,1407,529,83,,0,28.7
Alabama,Shelby County,1117030502,2122,213,56,85.9,,0,12.7
Alabama,Shelby County,1117030604,6821,743,943,86.5,,0,24.7
Alabama,Shelby County,1117030605,6847,888,395,81,,0,18.7
Alabama,Shelby County,1117030607,5825,887,340,82,,0,21.1
Alabama,Shelby County,1117030608,3167,318,135,85.9,9395,3.0,14.3
Alabama,Shelby County,1117030609,6941,930,309,85.1,,0,17.9
Alabama,Shelby County,1117030701,4483,674,143,82.3,,0,18.2
Alabama,Shelby County,1117030703,3766,601,141,82.4,675100,179.3,19.7
Alabama,Shelby County,1117030704,3874,96,68,74,,0,4.2
Alabama,Shelby County,1117030800,4006,213,98,85.3,,0,7.8
Alabama,Shelby County,1117030900,2747,17,44,82.7,222000,80.8,2.2
Alabama,Sumter County,1119011300,6251,4281,32,52.8,,0,69.0
Alabama,Sumter County,1119011400,1850,1519,5,55.7,,0,82.4
Alabama,Sumter County,1119011500,4447,3756,39,67.6,,0,85.3
Alabama,Sumter County,1119011600,1215,727,10,74.3,,0,60.7
Alabama,Talladega County,1121010101,5171,764,91,77.4,,0,16.5
Alabama,Talladega County,1121010102,5030,1096,92,79.3,168000,33.4,23.6
Alabama,Talladega County,1121010201,4019,1090,50,79.2,260000,64.7,28.4
Alabama,Talladega County,1121010202,3752,497,92,82.4,,0,15.7
Alabama,Talladega County,1121010301,3478,1568,85,75.8,,0,47.5
Alabama,Talladega County,1121010302,4450,1286,71,82.1,,0,30.5
Alabama,Talladega County,1121010400,2783,342,15,84,,0,12.8
Alabama,Talladega County,1121010500,2898,1784,119,79,,0,65.7
Alabama,Talladega County,1121010600,3086,2410,40,71.7,,0,79.4
Alabama,Talladega County,1121010700,2496,1654,270,80,,0,77.1
Alabama,Talladega County,1121010900,3375,1027,57,81.1,,0,32.1
Alabama,Talladega County,1121011000,2922,341,18,80.8,,0,12.3
Alabama,Talladega County,1121011100,4742,1825,41,73.2,,0,39.4
Alabama,Talladega County,1121011200,2902,1879,24,79.2,,0,65.6
Alabama,Talladega County,1121011300,6191,1955,95,78.6,203798.85,32.9,33.1
Alabama,Talladega County,1121011400,2873,1120,56,72.6,,0,40.9
Alabama,Talladega County,1121011500,5591,526,55,84.7,117883.75,21.1,10.4
Alabama,Talladega County,1121011600,4857,1440,47,82.6,,0,30.6
Alabama,Talladega County,1121011700,4308,985,116,80.9,,0,25.6
Alabama,Talladega County,1121011800,2216,730,99,81.8,220500,99.5,37.4
Alabama,Talladega County,1121011900,2948,651,114,77.4,,0,25.9
Alabama,Talladega County,1121012000,2203,983,24,81.6,,0,45.7
Alabama,Tallapoosa County,1123961900,2507,313,16,84.4,,0,13.1
Alabama,Tallapoosa County,1123962000,4136,1664,38,84.1,,0,41.2
Alabama,Tallapoosa County,1123962100,4051,1942,133,80.1,,0,51.2
Alabama,Tallapoosa County,1123962200,4773,1094,189,82.8,,0,26.9
Alabama,Tallapoosa County,1123962300,6382,943,416,80.6,,0,21.3
Alabama,Tallapoosa County,1123962400,4703,1781,56,80.6,1638549.05,348.4,39.1
Alabama,Tallapoosa County,1123962501,4243,401,50,86.8,,0,10.6
Alabama,Tallapoosa County,1123962502,2950,189,18,84.3,,0,7.0
Alabama,Tallapoosa County,1123962600,1705,1379,13,79.1,,0,81.6
Alabama,Tallapoosa County,1123962700,6166,1344,113,82.7,666900,108.2,23.6
Alabama,Tuscaloosa County,1125010101,3276,122,51,89.2,,0,5.3
Alabama,Tuscaloosa County,1125010102,3083,56,27,86.9,,0,2.7
Alabama,Tuscaloosa County,1125010103,6727,350,111,83.2,,0,6.9
Alabama,Tuscaloosa County,1125010201,3447,294,65,85.8,,0,10.4
Alabama,Tuscaloosa County,1125010202,8689,1290,247,82.4,14000,1.6,17.7
Alabama,Tuscaloosa County,1125010203,2573,38,59,81.8,,0,3.8
Alabama,Tuscaloosa County,1125010204,4919,554,124,82,,0,13.8
Alabama,Tuscaloosa County,1125010301,6324,987,365,85.8,,0,21.4
Alabama,Tuscaloosa County,1125010302,3721,281,279,80.3,,0,15.0
Alabama,Tuscaloosa County,1125010303,3043,1026,10,83.7,,0,34.0
Alabama,Tuscaloosa County,1125010403,4131,1532,209,80.4,,0,42.1
Alabama,Tuscaloosa County,1125010404,2497,1495,111,79.3,,0,64.3
Alabama,Tuscaloosa County,1125010405,2896,317,255,79.8,,0,19.8
Alabama,Tuscaloosa County,1125010406,4219,265,55,86.3,,0,7.6
Alabama,Tuscaloosa County,1125010407,3665,872,67,84.2,,0,25.6
Alabama,Tuscaloosa County,1125010500,2374,1380,124,77.3,250000,105.3,63.4
Alabama,Tuscaloosa County,1125010601,4520,247,115,85.2,172729.41,38.2,8.0
Alabama,Tuscaloosa County,1125010602,9955,513,120,83.5,,0,6.4
Alabama,Tuscaloosa County,1125010701,6568,1907,126,84.3,,0,31.0
Alabama,Tuscaloosa County,1125010702,7684,653,103,81.9,179100,23.3,9.8
Alabama,Tuscaloosa County,1125010703,2686,190,92,79.8,,0,10.5
Alabama,Tuscaloosa County,1125010802,3825,823,119,80.6,,0,24.6
Alabama,Tuscaloosa County,1125010803,2751,1264,130,78.8,,0,50.7
Alabama,Tuscaloosa County,1125010804,2655,485,273,79.9,,0,28.5
Alabama,Tuscaloosa County,1125011200,7031,1150,211,86.6,,0,19.4
Alabama,Tuscaloosa County,1125011401,3769,191,77,70.1,89673.88,23.8,7.1
Alabama,Tuscaloosa County,1125011402,3525,172,65,64.9,,0,6.7
Alabama,Tuscaloosa County,1125011600,2844,2010,30,78.7,3063056.9,1077.0,71.7
Alabama,Tuscaloosa County,1125011701,2701,2646,14,80.8,,0,98.5
Alabama,Tuscaloosa County,1125011703,4204,4082,14,81.7,633387.33,150.7,97.4
Alabama,Tuscaloosa County,1125011800,2685,2620,16,75.8,2155575.24,802.8,98.2
Alabama,Tuscaloosa County,1125011901,3334,1242,210,69.8,464156.47,139.2,43.6
Alabama,Tuscaloosa County,1125011902,1926,1674,33,70.1,2959.51,1.5,88.6
Alabama,Tuscaloosa County,1125012000,4096,478,174,70.4,13999.94,3.4,15.9
Alabama,Tuscaloosa County,1125012100,4466,1250,234,79.9,,0,33.2
Alabama,Tuscaloosa County,1125012303,6612,2864,165,79.6,321876.99,48.7,45.8
Alabama,Tuscaloosa County,1125012304,3141,2145,109,69.9,,0,71.8
Alabama,Tuscaloosa County,1125012305,4243,2379,133,77.6,,0,59.2
Alabama,Tuscaloosa County,1125012403,3030,1395,51,73.3,16143,5.3,47.7
Alabama,Tuscaloosa County,1125012404,2656,1706,33,64.3,,0,65.5
Alabama,Tuscaloosa County,1125012405,6210,3650,317,72.5,267578.6,43.1,63.9
Alabama,Tuscaloosa County,1125012501,1785,1414,19,82.1,,0,80.3
Alabama,Tuscaloosa County,1125012502,6122,1579,57,85.7,500,0.1,26.7
Alabama,Tuscaloosa County,1125012503,3824,796,62,85.8,,0,22.4
Alabama,Tuscaloosa County,1125012600,2876,877,93,63.9,,0,33.7
Alabama,Tuscaloosa County,1125012700,4281,1689,404,79.3,737759.42,172.3,48.9
Alabama,Tuscaloosa County,1125012800,3067,2451,191,69.7,400362.4,130.5,86.1
Alabama,Walker County,1127020100,3739,908,73,77.2,,0,26.2
Alabama,Walker County,1127020200,4304,233,156,83.9,,0,9.0
Alabama,Walker County,1127020300,7049,318,314,83,67100,9.5,9.0
Alabama,Walker County,1127020400,2306,527,224,77.3,755000,327.4,32.6
Alabama,Walker County,1127020600,2497,40,42,81.9,,0,3.3
Alabama,Walker County,1127020700,3092,16,72,85.5,,0,2.8
Alabama,Walker County,1127020800,5613,229,68,78.4,,0,5.3
Alabama,Walker County,1127020900,5071,9,78,83.8,,0,1.7
Alabama,Walker County,1127021000,3851,11,34,78.9,,0,1.2
Alabama,Walker County,1127021100,3581,167,31,66.9,,0,5.5
Alabama,Walker County,1127021200,3445,15,29,81,,0,1.3
Alabama,Walker County,1127021300,3557,163,11,82,,0,4.9
Alabama,Walker County,1127021400,3691,307,40,84.8,,0,9.4
Alabama,Walker County,1127021500,3456,311,26,81.4,253148,73.2,9.8
Alabama,Walker County,1127021600,1484,133,7,90.4,,0,9.4
Alabama,Walker County,1127021700,4085,288,27,82.5,,0,7.7
Alabama,Walker County,1127021800,3709,154,52,79.1,,0,5.6
Alabama,Walker County,1127021900,2493,56,23,81,,0,3.2
Alabama,Washington County,1129043900,2775,571,23,74.3,,0,21.4
Alabama,Washington County,1129044000,4321,889,22,70.3,,0,21.1
Alabama,Washington County,1129044100,3353,824,23,73.2,,0,25.3
Alabama,Washington County,1129044200,4589,1674,63,57.5,950000,207.0,37.9
Alabama,Washington County,1129044300,2543,402,20,72.9,,0,16.6
Alabama,Wilcox County,1131034700,1308,1185,12,66.4,,0,91.5
Alabama,Wilcox County,1131034800,4533,3031,23,71.1,967500,213.4,67.4
Alabama,Wilcox County,1131035100,3789,2664,22,63.1,,0,70.9
Alabama,Wilcox County,1131035200,2040,1540,15,60.1,,0,76.2
Alabama,Winston County,1133965501,2393,8,21,75.2,,0,1.2
Alabama,Winston County,1133965502,2871,4,29,73.6,,0,1.1
Alabama,Winston County,1133965503,2620,8,16,74.1,,0,0.9
Alabama,Winston County,1133965600,5415,16,70,73.9,,0,1.6
Alabama,Winston County,1133965700,4595,19,188,80.8,200218,43.6,4.5
Alabama,Winston County,1133965800,4432,43,277,82.1,2401527.88,541.9,7.2
Alabama,Winston County,1133965900,2158,17,38,68.1,,0,2.5
